package,previous_name,name,previous_camel_cased,camel_cased,previous_pascal_cased,pascal_cased
@nrk/core-icons,nrk-geopoint,pin,nrkGeopoint,pinIcon,NrkGeopoint,PinIcon
@nrk/core-icons,nrk-geo,target,nrkGeo,targetIcon,NrkGeo,TargetIcon
@nrk/core-icons,nrk-media-beam-note,music-notes,nrkMediaBeamNote,musicNotesIcon,NrkMediaBeamNote,MusicNotesIcon
@nrk/core-icons,nrk-note-2,music-notes,nrkNote2,musicNotesIcon,NrkNote2,MusicNotesIcon
@nrk/core-icons,nrk-globe,globe,nrkGlobe,globeIcon,NrkGlobe,GlobeIcon
@nrk/core-icons,nrk-media-video,play-rectangle,nrkMediaVideo,playRectangleIcon,NrkMediaVideo,PlayRectangleIcon
@nrk/core-icons,nrk-media-quaver,music-note,nrkMediaQuaver,musicNoteIcon,NrkMediaQuaver,MusicNoteIcon
@nrk/core-icons,nrk-note-1,music-note,nrkNote1,musicNoteIcon,NrkNote1,MusicNoteIcon
@nrk/core-icons,nrk-media-chromecast,chromecast,nrkMediaChromecast,chromecastIcon,NrkMediaChromecast,ChromecastIcon
@nrk/core-icons,nrk-category--active,squares-2x2-solid,nrkCategoryActive,squares2x2SolidIcon,NrkCategoryActive,Squares2x2SolidIcon
@nrk/core-icons,nrk-some-tommelned,thumbs-down,nrkSomeTommelned,thumbsDownIcon,NrkSomeTommelned,ThumbsDownIcon
@nrk/core-icons,nrk-ellipsis,ellipsis,nrkEllipsis,ellipsisIcon,NrkEllipsis,EllipsisIcon
@nrk/core-icons,nrk-media-ffw-5sec,go-forward-5,nrkMediaFfw5sec,goForward5Icon,NrkMediaFfw5sec,GoForward5Icon
@nrk/core-icons,nrk-arrow-nested,arrow-turn-right-down,nrkArrowNested,arrowTurnRightDownIcon,NrkArrowNested,ArrowTurnRightDownIcon
@nrk/core-icons,nrk-arrow-right-long,arrow-right-long,nrkArrowRightLong,arrowRightLongIcon,NrkArrowRightLong,ArrowRightLongIcon
@nrk/core-icons,nrk-media-ffw-15sec,go-forward-15,nrkMediaFfw15sec,goForward15Icon,NrkMediaFfw15sec,GoForward15Icon
@nrk/core-icons,nrk-settings,settings,nrkSettings,settingsIcon,NrkSettings,SettingsIcon
@nrk/core-icons,nrk-edit,pencil-line,nrkEdit,pencilLineIcon,NrkEdit,PencilLineIcon
@nrk/core-icons,nrk-arrow-left,arrow-left,nrkArrowLeft,arrowLeftIcon,NrkArrowLeft,ArrowLeftIcon
@nrk/core-icons,nrk-download,download,nrkDownload,downloadIcon,NrkDownload,DownloadIcon
@nrk/core-icons,nrk-arrow-right,arrow-right,nrkArrowRight,arrowRightIcon,NrkArrowRight,ArrowRightIcon
@nrk/core-icons,nrk-media-speed-1x,multiplier-1,nrkMediaSpeed1x,multiplier1Icon,NrkMediaSpeed1x,Multiplier1Icon
@nrk/core-icons,nrk-arrow-down,arrow-down,nrkArrowDown,arrowDownIcon,NrkArrowDown,ArrowDownIcon
@nrk/core-icons,nrk-unlock--active,lock-open-solid,nrkUnlockActive,lockOpenSolidIcon,NrkUnlockActive,LockOpenSolidIcon
@nrk/core-icons,nrk-media-media-complete,checkmark-circle-checked,nrkMediaMediaComplete,checkmarkCircleCheckedIcon,NrkMediaMediaComplete,CheckmarkCircleCheckedIcon
@nrk/core-icons,nrk-some-tommelned--active,thumbs-down-solid,nrkSomeTommelnedActive,thumbsDownSolidIcon,NrkSomeTommelnedActive,ThumbsDownSolidIcon
@nrk/core-icons,nrk-back,arrow-uturn-left,nrkBack,arrowUturnLeftIcon,NrkBack,ArrowUturnLeftIcon
@nrk/core-icons,nrk-sleep,zz,nrkSleep,zzIcon,NrkSleep,ZzIcon
@nrk/core-icons,nrk-media-rwd-30sec,go-backward-30,nrkMediaRwd30sec,goBackward30Icon,NrkMediaRwd30sec,GoBackward30Icon
@nrk/core-icons,nrk-heart,heart,nrkHeart,heartIcon,NrkHeart,HeartIcon
@nrk/core-icons,nrk-chevron-up,chevron-up,nrkChevronUp,chevronUpIcon,NrkChevronUp,ChevronUpIcon
@nrk/core-icons,nrk-radio--active,radio-button-checked,nrkRadioActive,radioButtonCheckedIcon,NrkRadioActive,RadioButtonCheckedIcon
@nrk/core-icons,nrk-media-chromecast--active,chromecast-solid,nrkMediaChromecastActive,chromecastSolidIcon,NrkMediaChromecastActive,ChromecastSolidIcon
@nrk/core-icons,nrk-media-ffw-30sec,go-forward-30,nrkMediaFfw30sec,goForward30Icon,NrkMediaFfw30sec,GoForward30Icon
@nrk/core-icons,nrk-online,wifi,nrkOnline,wifiIcon,NrkOnline,WifiIcon
@nrk/core-icons,nrk-some-tommelopp,thumbs-up,nrkSomeTommelopp,thumbsUpIcon,NrkSomeTommelopp,ThumbsUpIcon
@nrk/core-icons,nrk-upload,upload,nrkUpload,uploadIcon,NrkUpload,UploadIcon
@nrk/core-icons,nrk-check-radio--unchecked,radio-button-unchecked,nrkCheckRadioUnchecked,radioButtonUncheckedIcon,NrkCheckRadioUnchecked,RadioButtonUncheckedIcon
@nrk/core-icons,nrk-search,magnifying-glass,nrkSearch,magnifyingGlassIcon,NrkSearch,MagnifyingGlassIcon
@nrk/core-icons,nrk-more,ellipsis-vertical,nrkMore,ellipsisVerticalIcon,NrkMore,EllipsisVerticalIcon
@nrk/core-icons,nrk-unlock,lock-open,nrkUnlock,lockOpenIcon,NrkUnlock,LockOpenIcon
@nrk/core-icons,nrk-heart--active,heart-solid,nrkHeartActive,heartSolidIcon,NrkHeartActive,HeartSolidIcon
@nrk/core-icons,nrk-link,link,nrkLink,linkIcon,NrkLink,LinkIcon
@nrk/core-icons,nrk-some-share-ios,square-and-arrow-up,nrkSomeShareIos,squareAndArrowUpIcon,NrkSomeShareIos,SquareAndArrowUpIcon
@nrk/core-icons,nrk-more--active,ellipsis-vertical-circle-solid,nrkMoreActive,ellipsisVerticalCircleSolidIcon,NrkMoreActive,EllipsisVerticalCircleSolidIcon
@nrk/core-icons,nrk-media-ffw,forward,nrkMediaFfw,forwardIcon,NrkMediaFfw,ForwardIcon
@nrk/core-icons,nrk-media-rwd-15sec,go-backward-15,nrkMediaRwd15sec,goBackward15Icon,NrkMediaRwd15sec,GoBackward15Icon
@nrk/core-icons,nrk-lock--active,lock-closed-solid,nrkLockActive,lockClosedSolidIcon,NrkLockActive,LockClosedSolidIcon
@nrk/core-icons,nrk-media-next,forward-end,nrkMediaNext,forwardEndIcon,NrkMediaNext,ForwardEndIcon
@nrk/core-icons,nrk-360,arrow-circle-perspective-counterclockwise,nrk360,arrowCirclePerspectiveCounterclockwiseIcon,Nrk360,ArrowCirclePerspectiveCounterclockwiseIcon
@nrk/core-icons,nrk-some-share,arrow-turn-up-right,nrkSomeShare,arrowTurnUpRightIcon,NrkSomeShare,ArrowTurnUpRightIcon
@nrk/core-icons,nrk-media-speed-1_25x,multiplier-1_25,nrkMediaSpeed1_25x,multiplier1_25Icon,NrkMediaSpeed1_25x,Multiplier1_25Icon
@nrk/core-icons,nrk-chevron-right,chevron-right,nrkChevronRight,chevronRightIcon,NrkChevronRight,ChevronRightIcon
@nrk/core-icons,nrk-close,xmark,nrkClose,xmarkIcon,NrkClose,XmarkIcon
@nrk/core-icons,nrk-star,star,nrkStar,starIcon,NrkStar,StarIcon
@nrk/core-icons,nrk-rotate,arrows-circle-counterclockwise,nrkRotate,arrowsCircleCounterclockwiseIcon,NrkRotate,ArrowsCircleCounterclockwiseIcon
@nrk/core-icons,nrk-media-subtitles,speech-bubble-subtitles,nrkMediaSubtitles,speechBubbleSubtitlesIcon,NrkMediaSubtitles,SpeechBubbleSubtitlesIcon
@nrk/core-icons,nrk-media-previous,backward-end,nrkMediaPrevious,backwardEndIcon,NrkMediaPrevious,BackwardEndIcon
@nrk/core-icons,nrk-settings--active,settings-solid,nrkSettingsActive,settingsSolidIcon,NrkSettingsActive,SettingsSolidIcon
@nrk/core-icons,nrk-ellipsis--active,ellipsis-circle-solid,nrkEllipsisActive,ellipsisCircleSolidIcon,NrkEllipsisActive,EllipsisCircleSolidIcon
@nrk/core-icons,nrk-star--active,star-solid,nrkStarActive,starSolidIcon,NrkStarActive,StarSolidIcon
@nrk/core-icons,nrk-media-theater,rectangle-expand,nrkMediaTheater,rectangleExpandIcon,NrkMediaTheater,RectangleExpandIcon
@nrk/core-icons,nrk-media-direktetv--active,tv-dot-solid,nrkMediaDirektetvActive,tvDotSolidIcon,NrkMediaDirektetvActive,TvDotSolidIcon
@nrk/core-icons,nrk-user-loggedin,face-grinning,nrkUserLoggedin,faceGrinningIcon,NrkUserLoggedin,FaceGrinningIcon
@nrk/core-icons,nrk-search--active,magnifying-glass-strong,nrkSearchActive,magnifyingGlassStrongIcon,NrkSearchActive,MagnifyingGlassStrongIcon
@nrk/core-icons,nrk-tilgjengelighet,accessibility,nrkTilgjengelighet,accessibilityIcon,NrkTilgjengelighet,AccessibilityIcon
@nrk/core-icons,nrk-list,list,nrkList,listIcon,NrkList,ListIcon
@nrk/core-icons,nrk-hardware-microphone--active,microphone-solid,nrkHardwareMicrophoneActive,microphoneSolidIcon,NrkHardwareMicrophoneActive,MicrophoneSolidIcon
@nrk/core-icons,nrk-tilgjengelighet-horbarhet,ear,nrkTilgjengelighetHorbarhet,earIcon,NrkTilgjengelighetHorbarhet,EarIcon
@nrk/core-icons,nrk-bell--active,bell-solid,nrkBellActive,bellSolidIcon,NrkBellActive,BellSolidIcon
@nrk/core-icons,nrk-latest-news,dot-radiowaves,nrkLatestNews,dotRadiowavesIcon,NrkLatestNews,DotRadiowavesIcon
@nrk/core-icons,nrk-media-chromecast--1,chromecast-1,nrkMediaChromecast1,chromecast1Icon,NrkMediaChromecast1,Chromecast1Icon
@nrk/core-icons,nrk-chevron-left,chevron-left,nrkChevronLeft,chevronLeftIcon,NrkChevronLeft,ChevronLeftIcon
@nrk/core-icons,nrk-media-playlist,list-play,nrkMediaPlaylist,listPlayIcon,NrkMediaPlaylist,ListPlayIcon
@nrk/core-icons,nrk-media-picture-in-picture--active,picture-in-picture-exit,nrkMediaPictureInPictureActive,pictureInPictureExitIcon,NrkMediaPictureInPictureActive,PictureInPictureExitIcon
@nrk/core-icons,nrk-geo--active,target-solid,nrkGeoActive,targetSolidIcon,NrkGeoActive,TargetSolidIcon
@nrk/core-icons,nrk-media-quaver-off,music-note-slash,nrkMediaQuaverOff,musicNoteSlashIcon,NrkMediaQuaverOff,MusicNoteSlashIcon
@nrk/core-icons,nrk-note-1--off,music-note-slash,nrkNote1Off,musicNoteSlashIcon,NrkNote1Off,MusicNoteSlashIcon
@nrk/core-icons,nrk-media-speed-1_5x,multiplier-1_5,nrkMediaSpeed1_5x,multiplier1_5Icon,NrkMediaSpeed1_5x,Multiplier1_5Icon
@nrk/core-icons,nrk-downloaded,mobile-check,nrkDownloaded,mobileCheckIcon,NrkDownloaded,MobileCheckIcon
@nrk/core-icons,nrk-media-index-quaver-tiny,music-note-tiny,nrkMediaIndexQuaverTiny,musicNoteTinyIcon,NrkMediaIndexQuaverTiny,MusicNoteTinyIcon
@nrk/core-icons,nrk-hide,eye-slash,nrkHide,eyeSlashIcon,NrkHide,EyeSlashIcon
@nrk/core-icons,nrk-fullscreen,arrows-expand,nrkFullscreen,arrowsExpandIcon,NrkFullscreen,ArrowsExpandIcon
@nrk/core-icons,nrk-404,shapes-unordered,nrk404,shapesUnorderedIcon,Nrk404,ShapesUnorderedIcon
@nrk/core-icons,nrk-media-404-notfound,shapes-unordered,nrkMedia404Notfound,shapesUnorderedIcon,NrkMedia404Notfound,ShapesUnorderedIcon
@nrk/core-icons,nrk-media-chromecast--3,chromecast-3,nrkMediaChromecast3,chromecast3Icon,NrkMediaChromecast3,Chromecast3Icon
@nrk/core-icons,nrk-lock,lock-closed,nrkLock,lockClosedIcon,NrkLock,LockClosedIcon
@nrk/core-icons,nrk-media-playlist-add,list-plus,nrkMediaPlaylistAdd,listPlusIcon,NrkMediaPlaylistAdd,ListPlusIcon
@nrk/core-icons,nrk-offline,wifi-slash,nrkOffline,wifiSlashIcon,NrkOffline,WifiSlashIcon
@nrk/core-icons,nrk-bell,bell,nrkBell,bellIcon,NrkBell,BellIcon
@nrk/core-icons,nrk-media-airplay,airplay,nrkMediaAirplay,airplayIcon,NrkMediaAirplay,AirplayIcon
@nrk/core-icons,nrk-latest-news--active,dot-radiowaves-circle-solid,nrkLatestNewsActive,dotRadiowavesCircleSolidIcon,NrkLatestNewsActive,DotRadiowavesCircleSolidIcon
@nrk/core-icons,nrk-media-volume--1,volume-1,nrkMediaVolume1,volume1Icon,NrkMediaVolume1,Volume1Icon
@nrk/core-icons,nrk-media-ny,tag-ny,nrkMediaNy,tagNyIcon,NrkMediaNy,TagNyIcon
@nrk/core-icons,nrk-geopoint--active,pin-solid,nrkGeopointActive,pinSolidIcon,NrkGeopointActive,PinSolidIcon
@nrk/core-icons,nrk-media-tilgjengelighet-ikkelengertilgjengelig,sun-horizon,nrkMediaTilgjengelighetIkkelengertilgjengelig,sunHorizonIcon,NrkMediaTilgjengelighetIkkelengertilgjengelig,SunHorizonIcon
@nrk/core-icons,nrk-lyn,lightning-bolt-solid,nrkLyn,lightningBoltSolidIcon,NrkLyn,LightningBoltSolidIcon
@nrk/core-icons,nrk-user-notloggedin,face-smiling,nrkUserNotloggedin,faceSmilingIcon,NrkUserNotloggedin,FaceSmilingIcon
@nrk/core-icons,nrk-list--active,list-strong,nrkListActive,listStrongIcon,NrkListActive,ListStrongIcon
@nrk/core-icons,nrk-user-loggedin--active,face-grinning-solid,nrkUserLoggedinActive,faceGrinningSolidIcon,NrkUserLoggedinActive,FaceGrinningSolidIcon
@nrk/core-icons,nrk-hardware-computer,monitor,nrkHardwareComputer,monitorIcon,NrkHardwareComputer,MonitorIcon
@nrk/core-icons,nrk-comment,speech-bubble-line,nrkComment,speechBubbleLineIcon,NrkComment,SpeechBubbleLineIcon
@nrk/core-icons,nrk-tilgjengelighet-synstolking,audio-description,nrkTilgjengelighetSynstolking,audioDescriptionIcon,NrkTilgjengelighetSynstolking,AudioDescriptionIcon
@nrk/core-icons,nrk-hardware-microphone,microphone,nrkHardwareMicrophone,microphoneIcon,NrkHardwareMicrophone,MicrophoneIcon
@nrk/core-icons,nrk-media-soundwave,soundwave,nrkMediaSoundwave,soundwaveIcon,NrkMediaSoundwave,SoundwaveIcon
@nrk/core-icons,nrk-media-quaver--active,music-note-solid,nrkMediaQuaverActive,musicNoteSolidIcon,NrkMediaQuaverActive,MusicNoteSolidIcon
@nrk/core-icons,nrk-media-play--fail,play-slash,nrkMediaPlayFail,playSlashIcon,NrkMediaPlayFail,PlaySlashIcon
@nrk/core-icons,nrk-plus,plus,nrkPlus,plusIcon,NrkPlus,PlusIcon
@nrk/core-icons,nrk-media-direkte-notlive,circle-in-circle,nrkMediaDirekteNotlive,circleInCircleIcon,NrkMediaDirekteNotlive,CircleInCircleIcon
@nrk/core-icons,nrk-media-picture-in-picture,picture-in-picture-enter,nrkMediaPictureInPicture,pictureInPictureEnterIcon,NrkMediaPictureInPicture,PictureInPictureEnterIcon
@nrk/core-icons,nrk-mening,quote,nrkMening,quoteIcon,NrkMening,QuoteIcon
@nrk/core-icons,nrk-hardware-printer,printer,nrkHardwarePrinter,printerIcon,NrkHardwarePrinter,PrinterIcon
@nrk/core-icons,nrk-media-play,play,nrkMediaPlay,playIcon,NrkMediaPlay,PlayIcon
@nrk/core-icons,nrk-hardware-game,game-controller,nrkHardwareGame,gameControllerIcon,NrkHardwareGame,GameControllerIcon
@nrk/core-icons,nrk-dice-2--active,dice-2-solid,nrkDice2Active,dice2SolidIcon,NrkDice2Active,Dice2SolidIcon
@nrk/core-icons,nrk-arrow-up,arrow-up,nrkArrowUp,arrowUpIcon,NrkArrowUp,ArrowUpIcon
@nrk/core-icons,nrk-user-notloggedin--active,face-smiling-solid,nrkUserNotloggedinActive,faceSmilingSolidIcon,NrkUserNotloggedinActive,FaceSmilingSolidIcon
@nrk/core-icons,nrk-category,squares-2x2,nrkCategory,squares2x2Icon,NrkCategory,Squares2x2Icon
@nrk/core-icons,nrk-media-direkte-golive,circle-in-circle-solid,nrkMediaDirekteGolive,circleInCircleSolidIcon,NrkMediaDirekteGolive,CircleInCircleSolidIcon
@nrk/core-icons,nrk-bullet-square,bullet-point,nrkBulletSquare,bulletPointIcon,NrkBulletSquare,BulletPointIcon
@nrk/core-icons,nrk-refresh,arrow-circle-clockwise,nrkRefresh,arrowCircleClockwiseIcon,NrkRefresh,ArrowCircleClockwiseIcon
@nrk/core-icons,nrk-minus,minus,nrkMinus,minusIcon,NrkMinus,MinusIcon
@nrk/core-icons,nrk-mat,cutlery,nrkMat,cutleryIcon,NrkMat,CutleryIcon
@nrk/core-icons,nrk-check--active,checkmark-circle-checked-solid,nrkCheckActive,checkmarkCircleCheckedSolidIcon,NrkCheckActive,CheckmarkCircleCheckedSolidIcon
@nrk/core-icons,nrk-media-completed,checkmark-circle-checked-solid,nrkMediaCompleted,checkmarkCircleCheckedSolidIcon,NrkMediaCompleted,CheckmarkCircleCheckedSolidIcon
@nrk/core-icons,nrk-user-avatar,nrksuper-avatar,nrkUserAvatar,nrksuperAvatarIcon,NrkUserAvatar,NrksuperAvatarIcon
@nrk/core-icons,nrk-dice-1--active,dice-1-solid,nrkDice1Active,dice1SolidIcon,NrkDice1Active,Dice1SolidIcon
@nrk/core-icons,nrk-longread,glasses,nrkLongread,glassesIcon,NrkLongread,GlassesIcon
@nrk/core-icons,nrk-media-tilgjengelighet-geoblocked,parasol,nrkMediaTilgjengelighetGeoblocked,parasolIcon,NrkMediaTilgjengelighetGeoblocked,ParasolIcon
@nrk/core-icons,nrk-trash,trashcan,nrkTrash,trashcanIcon,NrkTrash,TrashcanIcon
@nrk/core-icons,nrk-super-emoji-poop--angry,nrksuper-poop-sad,nrkSuperEmojiPoopAngry,nrksuperPoopSadIcon,NrkSuperEmojiPoopAngry,NrksuperPoopSadIcon
@nrk/core-icons,nrk-logout,logout,nrkLogout,logoutIcon,NrkLogout,LogoutIcon
@nrk/core-icons,nrk-checkbox--active,checkbox-checked-solid,nrkCheckboxActive,checkboxCheckedSolidIcon,NrkCheckboxActive,CheckboxCheckedSolidIcon
@nrk/core-icons,nrk-media-programguide,magazine,nrkMediaProgramguide,magazineIcon,NrkMediaProgramguide,MagazineIcon
@nrk/core-icons,nrk-dice-4,dice-4,nrkDice4,dice4Icon,NrkDice4,Dice4Icon
@nrk/core-icons,nrk-media-playlist-added,list-check,nrkMediaPlaylistAdded,listCheckIcon,NrkMediaPlaylistAdded,ListCheckIcon
@nrk/core-icons,nrk-media-playlist-remove,list-xmark,nrkMediaPlaylistRemove,listXmarkIcon,NrkMediaPlaylistRemove,ListXmarkIcon
@nrk/core-icons,nrk-calendar,calendar,nrkCalendar,calendarIcon,NrkCalendar,CalendarIcon
@nrk/core-icons,nrk-hardware-radio,radio,nrkHardwareRadio,radioIcon,NrkHardwareRadio,RadioIcon
@nrk/core-icons,nrk-media-bluetooth,bluetooth,nrkMediaBluetooth,bluetoothIcon,NrkMediaBluetooth,BluetoothIcon
@nrk/core-icons,nrk-arrow-left-long,arrow-left-long,nrkArrowLeftLong,arrowLeftLongIcon,NrkArrowLeftLong,ArrowLeftLongIcon
@nrk/core-icons,nrk-hardware-mobile,phone,nrkHardwareMobile,phoneIcon,NrkHardwareMobile,PhoneIcon
@nrk/core-icons,nrk-media-chromecast--2,chromecast-2,nrkMediaChromecast2,chromecast2Icon,NrkMediaChromecast2,Chromecast2Icon
@nrk/core-icons,nrk-hardware-speaker,speaker,nrkHardwareSpeaker,speakerIcon,NrkHardwareSpeaker,SpeakerIcon
@nrk/core-icons,nrk-some-email,envelope,nrkSomeEmail,envelopeIcon,NrkSomeEmail,EnvelopeIcon
@nrk/core-icons,nrk-hardware-camera,camera,nrkHardwareCamera,cameraIcon,NrkHardwareCamera,CameraIcon
@nrk/core-icons,nrk-live-activity--active,clock-and-dot-solid,nrkLiveActivityActive,clockAndDotSolidIcon,NrkLiveActivityActive,ClockAndDotSolidIcon
@nrk/core-icons,nrk-arrow-dropdown,arrowhead-down,nrkArrowDropdown,arrowheadDownIcon,NrkArrowDropdown,ArrowheadDownIcon
@nrk/core-icons,nrk-reload,arrow-circle-counterclockwise,nrkReload,arrowCircleCounterclockwiseIcon,NrkReload,ArrowCircleCounterclockwiseIcon
@nrk/core-icons,nrk-clock,clock,nrkClock,clockIcon,NrkClock,ClockIcon
@nrk/core-icons,nrk-media-stop,stop,nrkMediaStop,stopIcon,NrkMediaStop,StopIcon
@nrk/core-icons,nrk-media-media-incomplete,xmark-circle-checked,nrkMediaMediaIncomplete,xmarkCircleCheckedIcon,NrkMediaMediaIncomplete,XmarkCircleCheckedIcon
@nrk/core-icons,nrk-dice-6,dice-6,nrkDice6,dice6Icon,NrkDice6,Dice6Icon
@nrk/core-icons,nrk-help,question-mark-circle,nrkHelp,questionMarkCircleIcon,NrkHelp,QuestionMarkCircleIcon
@nrk/core-icons,nrk-dialogue,speech-bubbles,nrkDialogue,speechBubblesIcon,NrkDialogue,SpeechBubblesIcon
@nrk/core-icons,nrk-trash--active,trashcan-solid,nrkTrashActive,trashcanSolidIcon,NrkTrashActive,TrashcanSolidIcon
@nrk/core-icons,nrk-info,info-circle,nrkInfo,infoCircleIcon,NrkInfo,InfoCircleIcon
@nrk/core-icons,nrk-hardware-watch,watch,nrkHardwareWatch,watchIcon,NrkHardwareWatch,WatchIcon
@nrk/core-icons,nrk-media-pause,pause,nrkMediaPause,pauseIcon,NrkMediaPause,PauseIcon
@nrk/core-icons,nrk-media-volume--3,volume-3,nrkMediaVolume3,volume3Icon,NrkMediaVolume3,Volume3Icon
@nrk/core-icons,nrk-media-playlist-add-later,list-arrow-to-bottom,nrkMediaPlaylistAddLater,listArrowToBottomIcon,NrkMediaPlaylistAddLater,ListArrowToBottomIcon
@nrk/core-icons,nrk-media-volume--2,volume-2,nrkMediaVolume2,volume2Icon,NrkMediaVolume2,Volume2Icon
@nrk/core-icons,nrk-new-chat,speech-bubble-plus,nrkNewChat,speechBubblePlusIcon,NrkNewChat,SpeechBubblePlusIcon
@nrk/core-icons,nrk-media-speed-2x,multiplier-2,nrkMediaSpeed2x,multiplier2Icon,NrkMediaSpeed2x,Multiplier2Icon
@nrk/core-icons,nrk-media-speed-0_8x,multiplier-0_8,nrkMediaSpeed0_8x,multiplier0_8Icon,NrkMediaSpeed0_8x,Multiplier0_8Icon
@nrk/core-icons,nrk-reorder,arrows-up-down,nrkReorder,arrowsUpDownIcon,NrkReorder,ArrowsUpDownIcon
@nrk/core-icons,nrk-media-jumpto,jumpto,nrkMediaJumpto,jumptoIcon,NrkMediaJumpto,JumptoIcon
@nrk/core-icons,nrk-bookmark,bookmark,nrkBookmark,bookmarkIcon,NrkBookmark,BookmarkIcon
@nrk/core-icons,nrk-media-rwd-5sec,go-backward-5,nrkMediaRwd5sec,goBackward5Icon,NrkMediaRwd5sec,GoBackward5Icon
@nrk/core-icons,nrk-broadcast,antenna,nrkBroadcast,antennaIcon,NrkBroadcast,AntennaIcon
@nrk/core-icons,nrk-media-rwd,backward,nrkMediaRwd,backwardIcon,NrkMediaRwd,BackwardIcon
@nrk/core-icons,nrk-close--active,xmark-circle-checked-solid,nrkCloseActive,xmarkCircleCheckedSolidIcon,NrkCloseActive,XmarkCircleCheckedSolidIcon
@nrk/core-icons,nrk-open-in-new,open-external,nrkOpenInNew,openExternalIcon,NrkOpenInNew,OpenExternalIcon
@nrk/core-icons,nrk-media-airplay--active,airplay-solid,nrkMediaAirplayActive,airplaySolidIcon,NrkMediaAirplayActive,AirplaySolidIcon
@nrk/core-icons,nrk-check,checkmark,nrkCheck,checkmarkIcon,NrkCheck,CheckmarkIcon
@nrk/core-icons,nrk-checkbox,checkbox-unchecked,nrkCheckbox,checkboxUncheckedIcon,NrkCheckbox,CheckboxUncheckedIcon
@nrk/core-icons,nrk-bookmark--active,bookmark-solid,nrkBookmarkActive,bookmarkSolidIcon,NrkBookmarkActive,BookmarkSolidIcon
@nrk/core-icons,nrk-media-direktetv,tv-dot,nrkMediaDirektetv,tvDotIcon,NrkMediaDirektetv,TvDotIcon
@nrk/core-icons,nrk-hardware-tv,tv,nrkHardwareTv,tvIcon,NrkHardwareTv,TvIcon
@nrk/core-icons,nrk-article,document,nrkArticle,documentIcon,NrkArticle,DocumentIcon
@nrk/core-icons,nrk-poll,bar-graph,nrkPoll,barGraphIcon,NrkPoll,BarGraphIcon
@nrk/core-icons,nrk-bulleted-list,list-bullet,nrkBulletedList,listBulletIcon,NrkBulletedList,ListBulletIcon
@nrk/core-icons,nrk-quiz,questionmark,nrkQuiz,questionmarkIcon,NrkQuiz,QuestionmarkIcon
@nrk/core-icons,nrk-chevron-down,chevron-down,nrkChevronDown,chevronDownIcon,NrkChevronDown,ChevronDownIcon
@nrk/core-icons,nrk-warning,exclamation-mark-triangle,nrkWarning,exclamationMarkTriangleIcon,NrkWarning,ExclamationMarkTriangleIcon
@nrk/core-icons,nrk-hardware-headphones,headphones,nrkHardwareHeadphones,headphonesIcon,NrkHardwareHeadphones,HeadphonesIcon
@nrk/core-icons,nrk-show,eye,nrkShow,eyeIcon,NrkShow,EyeIcon
@nrk/core-icons,nrk-hardware-smart-watch,smart-watch,nrkHardwareSmartWatch,smartWatchIcon,NrkHardwareSmartWatch,SmartWatchIcon
@nrk/core-icons,nrk-media-subtitles--active,speech-bubble-subtitles-solid,nrkMediaSubtitlesActive,speechBubbleSubtitlesSolidIcon,NrkMediaSubtitlesActive,SpeechBubbleSubtitlesSolidIcon
@nrk/core-icons,nrk-duration,clock-timer,nrkDuration,clockTimerIcon,NrkDuration,ClockTimerIcon
@nrk/core-icons,nrk-media-tilgjengelighet-kommer,clock-timer,nrkMediaTilgjengelighetKommer,clockTimerIcon,NrkMediaTilgjengelighetKommer,ClockTimerIcon
@nrk/core-icons,nrk-hardware-tablet,tablet,nrkHardwareTablet,tabletIcon,NrkHardwareTablet,TabletIcon
@nrk/core-icons,nrk-media-subtitles--unavailable,speech-bubble-inactive,nrkMediaSubtitlesUnavailable,speechBubbleInactiveIcon,NrkMediaSubtitlesUnavailable,SpeechBubbleInactiveIcon
@nrk/core-icons,nrk-media-playlist-add-next,list-arrow-to-top,nrkMediaPlaylistAddNext,listArrowToTopIcon,NrkMediaPlaylistAddNext,ListArrowToTopIcon
@nrk/core-icons,nrk-some-tommelopp--active,thumbs-up-solid,nrkSomeTommeloppActive,thumbsUpSolidIcon,NrkSomeTommeloppActive,ThumbsUpSolidIcon
@nrk/core-icons,nrk-dice-1,dice-1,nrkDice1,dice1Icon,NrkDice1,Dice1Icon
@nrk/core-icons,nrk-dice-3--active,dice-3-solid,nrkDice3Active,dice3SolidIcon,NrkDice3Active,Dice3SolidIcon
@nrk/core-icons,nrk-fullscreen--active,arrows-contract,nrkFullscreenActive,arrowsContractIcon,NrkFullscreenActive,ArrowsContractIcon
@nrk/core-icons,nrk-media-tilgjengelighet-snartutilgjengelig,hourglass,nrkMediaTilgjengelighetSnartutilgjengelig,hourglassIcon,NrkMediaTilgjengelighetSnartutilgjengelig,HourglassIcon
@nrk/core-icons,nrk-longread--active,glasses-solid,nrkLongreadActive,glassesSolidIcon,NrkLongreadActive,GlassesSolidIcon
@nrk/core-icons,nrk-media-theater--active,rectangle-contract,nrkMediaTheaterActive,rectangleContractIcon,NrkMediaTheaterActive,RectangleContractIcon
@nrk/core-icons,nrk-dice-5,dice-5,nrkDice5,dice5Icon,NrkDice5,Dice5Icon
@nrk/core-icons,nrk-media-programguide--active,magazine-solid,nrkMediaProgramguideActive,magazineSolidIcon,NrkMediaProgramguideActive,MagazineSolidIcon
@nrk/core-icons,nrk-dice-6--active,dice-6-solid,nrkDice6Active,dice6SolidIcon,NrkDice6Active,Dice6SolidIcon
@nrk/core-icons,nrk-dice-3,dice-3,nrkDice3,dice3Icon,NrkDice3,Dice3Icon
@nrk/core-icons,nrk-hardware-laptop,laptop,nrkHardwareLaptop,laptopIcon,NrkHardwareLaptop,LaptopIcon
@nrk/core-icons,nrk-person,person,nrkPerson,personIcon,NrkPerson,PersonIcon
@nrk/core-icons,nrk-gallery,image-stack,nrkGallery,imageStackIcon,NrkGallery,ImageStackIcon
@nrk/core-icons,nrk-tilgjengelighet-lydtekst,spoken-subtitles,nrkTilgjengelighetLydtekst,spokenSubtitlesIcon,NrkTilgjengelighetLydtekst,SpokenSubtitlesIcon
@nrk/core-icons,nrk-hardware-smart-speaker,smart-speaker,nrkHardwareSmartSpeaker,smartSpeakerIcon,NrkHardwareSmartSpeaker,SmartSpeakerIcon
@nrk/core-icons,nrk-tilgjengelighet-tegnspraak,sign-language,nrkTilgjengelighetTegnspraak,signLanguageIcon,NrkTilgjengelighetTegnspraak,SignLanguageIcon
@nrk/core-icons,nrk-home,house,nrkHome,houseIcon,NrkHome,HouseIcon
@nrk/core-icons,nrk-alarm-clock,clock-alarm,nrkAlarmClock,clockAlarmIcon,NrkAlarmClock,ClockAlarmIcon
@nrk/core-icons,nrk-dice-5--active,dice-5-solid,nrkDice5Active,dice5SolidIcon,NrkDice5Active,Dice5SolidIcon
@nrk/core-icons,nrk-home--active,house-solid,nrkHomeActive,houseSolidIcon,NrkHomeActive,HouseSolidIcon
@nrk/core-icons,nrk-dice-2,dice-2,nrkDice2,dice2Icon,NrkDice2,Dice2Icon
@nrk/core-icons,nrk-arrange-list,drag-horizontal,nrkArrangeList,dragHorizontalIcon,NrkArrangeList,DragHorizontalIcon
@nrk/core-icons,nrk-dice-4--active,dice-4-solid,nrkDice4Active,dice4SolidIcon,NrkDice4Active,Dice4SolidIcon
@nrk/core-icons,nrk-media-volume--muted,volume-x,nrkMediaVolumeMuted,volumeXIcon,NrkMediaVolumeMuted,VolumeXIcon
@nrk/core-icons,nrk-some-embed,code,nrkSomeEmbed,codeIcon,NrkSomeEmbed,CodeIcon
@nrk/core-icons,nrk-live-activity,clock-and-dot,nrkLiveActivity,clockAndDotIcon,NrkLiveActivity,ClockAndDotIcon
@nrk/core-icons/expressive,nrk-geopoint-expressive--active,pin-solid-expressive,nrkGeopointExpressiveActive,pinSolidExpressiveIcon,NrkGeopointExpressiveActive,PinSolidExpressiveIcon
@nrk/core-icons/expressive,nrk-info-expressive,info-circle-expressive,nrkInfoExpressive,infoCircleExpressiveIcon,NrkInfoExpressive,InfoCircleExpressiveIcon
@nrk/core-icons/expressive,nrk-person-expressive,person-expressive,nrkPersonExpressive,personExpressiveIcon,NrkPersonExpressive,PersonExpressiveIcon
@nrk/core-icons/expressive,nrk-search-expressive--active,magnifying-glass-strong-expressive,nrkSearchExpressiveActive,magnifyingGlassStrongExpressiveIcon,NrkSearchExpressiveActive,MagnifyingGlassStrongExpressiveIcon
@nrk/core-icons/expressive,nrk-list-expressive--active,list-strong-expressive,nrkListExpressiveActive,listStrongExpressiveIcon,NrkListExpressiveActive,ListStrongExpressiveIcon
@nrk/core-icons/expressive,nrk-hardware-headphones-expressive,headphones-expressive,nrkHardwareHeadphonesExpressive,headphonesExpressiveIcon,NrkHardwareHeadphonesExpressive,HeadphonesExpressiveIcon
@nrk/core-icons/expressive,nrk-media-chromecast-expressive,chromecast-expressive,nrkMediaChromecastExpressive,chromecastExpressiveIcon,NrkMediaChromecastExpressive,ChromecastExpressiveIcon
@nrk/core-icons/expressive,nrk-bell-expressive--active,bell-solid-expressive,nrkBellExpressiveActive,bellSolidExpressiveIcon,NrkBellExpressiveActive,BellSolidExpressiveIcon
@nrk/core-icons/expressive,nrk-sleep-expressive,zz-expressive,nrkSleepExpressive,zzExpressiveIcon,NrkSleepExpressive,ZzExpressiveIcon
@nrk/core-icons/expressive,nrk-arrow-nested-expressive,arrow-turn-right-down-expressive,nrkArrowNestedExpressive,arrowTurnRightDownExpressiveIcon,NrkArrowNestedExpressive,ArrowTurnRightDownExpressiveIcon
@nrk/core-icons/expressive,nrk-some-tommelned-expressive,thumbs-down-expressive,nrkSomeTommelnedExpressive,thumbsDownExpressiveIcon,NrkSomeTommelnedExpressive,ThumbsDownExpressiveIcon
@nrk/core-icons/expressive,nrk-settings-expressive,settings-expressive,nrkSettingsExpressive,settingsExpressiveIcon,NrkSettingsExpressive,SettingsExpressiveIcon
@nrk/core-icons/expressive,nrk-media-ffw-5sec-expressive,go-forward-5-expressive,nrkMediaFfw5secExpressive,goForward5ExpressiveIcon,NrkMediaFfw5secExpressive,GoForward5ExpressiveIcon
@nrk/core-icons/expressive,nrk-chevron-up-expressive,chevron-up-expressive,nrkChevronUpExpressive,chevronUpExpressiveIcon,NrkChevronUpExpressive,ChevronUpExpressiveIcon
@nrk/core-icons/expressive,nrk-close-expressive,xmark-expressive,nrkCloseExpressive,xmarkExpressiveIcon,NrkCloseExpressive,XmarkExpressiveIcon
@nrk/core-icons/expressive,nrk-media-ffw-15sec-expressive,go-forward-15-expressive,nrkMediaFfw15secExpressive,goForward15ExpressiveIcon,NrkMediaFfw15secExpressive,GoForward15ExpressiveIcon
@nrk/core-icons/expressive,nrk-media-previous-expressive,backward-end-expressive,nrkMediaPreviousExpressive,backwardEndExpressiveIcon,NrkMediaPreviousExpressive,BackwardEndExpressiveIcon
@nrk/core-icons/expressive,nrk-media-ffw-expressive,forward-expressive,nrkMediaFfwExpressive,forwardExpressiveIcon,NrkMediaFfwExpressive,ForwardExpressiveIcon
@nrk/core-icons/expressive,nrk-media-ffw-30sec-expressive,go-forward-30-expressive,nrkMediaFfw30secExpressive,goForward30ExpressiveIcon,NrkMediaFfw30secExpressive,GoForward30ExpressiveIcon
@nrk/core-icons/expressive,nrk-show-expressive,eye-expressive,nrkShowExpressive,eyeExpressiveIcon,NrkShowExpressive,EyeExpressiveIcon
@nrk/core-icons/expressive,nrk-media-chromecast-expressive--active,chromecast-solid-expressive,nrkMediaChromecastExpressiveActive,chromecastSolidExpressiveIcon,NrkMediaChromecastExpressiveActive,ChromecastSolidExpressiveIcon
@nrk/core-icons/expressive,nrk-unlock-expressive--active,lock-open-solid-expressive,nrkUnlockExpressiveActive,lockOpenSolidExpressiveIcon,NrkUnlockExpressiveActive,LockOpenSolidExpressiveIcon
@nrk/core-icons/expressive,nrk-search-expressive,magnifying-glass-expressive,nrkSearchExpressive,magnifyingGlassExpressiveIcon,NrkSearchExpressive,MagnifyingGlassExpressiveIcon
@nrk/core-icons/expressive,nrk-download-expressive,download-expressive,nrkDownloadExpressive,downloadExpressiveIcon,NrkDownloadExpressive,DownloadExpressiveIcon
@nrk/core-icons/expressive,nrk-upload-expressive,upload-expressive,nrkUploadExpressive,uploadExpressiveIcon,NrkUploadExpressive,UploadExpressiveIcon
@nrk/core-icons/expressive,nrk-some-tommelned-expressive--active,thumbs-down-solid-expressive,nrkSomeTommelnedExpressiveActive,thumbsDownSolidExpressiveIcon,NrkSomeTommelnedExpressiveActive,ThumbsDownSolidExpressiveIcon
@nrk/core-icons/expressive,nrk-unlock-expressive,lock-open-expressive,nrkUnlockExpressive,lockOpenExpressiveIcon,NrkUnlockExpressive,LockOpenExpressiveIcon
@nrk/core-icons/expressive,nrk-media-subtitles-expressive,speech-bubble-subtitles-expressive,nrkMediaSubtitlesExpressive,speechBubbleSubtitlesExpressiveIcon,NrkMediaSubtitlesExpressive,SpeechBubbleSubtitlesExpressiveIcon
@nrk/core-icons/expressive,nrk-arrow-down-expressive,arrow-down-expressive,nrkArrowDownExpressive,arrowDownExpressiveIcon,NrkArrowDownExpressive,ArrowDownExpressiveIcon
@nrk/core-icons/expressive,nrk-trash-expressive,trashcan-expressive,nrkTrashExpressive,trashcanExpressiveIcon,NrkTrashExpressive,TrashcanExpressiveIcon
@nrk/core-icons/expressive,nrk-360-expressive,arrow-circle-perspective-counterclockwise-expressive,nrk360Expressive,arrowCirclePerspectiveCounterclockwiseExpressiveIcon,Nrk360Expressive,ArrowCirclePerspectiveCounterclockwiseExpressiveIcon
@nrk/core-icons/expressive,nrk-media-media-complete-expressive,checkmark-circle-checked-expressive,nrkMediaMediaCompleteExpressive,checkmarkCircleCheckedExpressiveIcon,NrkMediaMediaCompleteExpressive,CheckmarkCircleCheckedExpressiveIcon
@nrk/core-icons/expressive,nrk-open-in-new-expressive,open-external-expressive,nrkOpenInNewExpressive,openExternalExpressiveIcon,NrkOpenInNewExpressive,OpenExternalExpressiveIcon
@nrk/core-icons/expressive,nrk-media-rwd-30sec-expressive,go-backward-30-expressive,nrkMediaRwd30secExpressive,goBackward30ExpressiveIcon,NrkMediaRwd30secExpressive,GoBackward30ExpressiveIcon
@nrk/core-icons/expressive,nrk-online-expressive,wifi-expressive,nrkOnlineExpressive,wifiExpressiveIcon,NrkOnlineExpressive,WifiExpressiveIcon
@nrk/core-icons/expressive,nrk-settings-expressive--active,settings-solid-expressive,nrkSettingsExpressiveActive,settingsSolidExpressiveIcon,NrkSettingsExpressiveActive,SettingsSolidExpressiveIcon
@nrk/core-icons/expressive,nrk-hardware-laptop-expressive,laptop-expressive,nrkHardwareLaptopExpressive,laptopExpressiveIcon,NrkHardwareLaptopExpressive,LaptopExpressiveIcon
@nrk/core-icons/expressive,nrk-broadcast-expressive,antenna-expressive,nrkBroadcastExpressive,antennaExpressiveIcon,NrkBroadcastExpressive,AntennaExpressiveIcon
@nrk/core-icons/expressive,nrk-lock-expressive--active,lock-closed-solid-expressive,nrkLockExpressiveActive,lockClosedSolidExpressiveIcon,NrkLockExpressiveActive,LockClosedSolidExpressiveIcon
@nrk/core-icons/expressive,nrk-ellipsis-expressive,ellipsis-expressive,nrkEllipsisExpressive,ellipsisExpressiveIcon,NrkEllipsisExpressive,EllipsisExpressiveIcon
@nrk/core-icons/expressive,nrk-arrow-right-expressive,arrow-right-expressive,nrkArrowRightExpressive,arrowRightExpressiveIcon,NrkArrowRightExpressive,ArrowRightExpressiveIcon
@nrk/core-icons/expressive,nrk-heart-expressive,heart-expressive,nrkHeartExpressive,heartExpressiveIcon,NrkHeartExpressive,HeartExpressiveIcon
@nrk/core-icons/expressive,nrk-some-tommelopp-expressive,thumbs-up-expressive,nrkSomeTommeloppExpressive,thumbsUpExpressiveIcon,NrkSomeTommeloppExpressive,ThumbsUpExpressiveIcon
@nrk/core-icons/expressive,nrk-ellipsis-expressive--active,ellipsis-circle-solid-expressive,nrkEllipsisExpressiveActive,ellipsisCircleSolidExpressiveIcon,NrkEllipsisExpressiveActive,EllipsisCircleSolidExpressiveIcon
@nrk/core-icons/expressive,nrk-edit-expressive,pencil-line-expressive,nrkEditExpressive,pencilLineExpressiveIcon,NrkEditExpressive,PencilLineExpressiveIcon
@nrk/core-icons/expressive,nrk-some-share-ios-expressive,square-and-arrow-up-expressive,nrkSomeShareIosExpressive,squareAndArrowUpExpressiveIcon,NrkSomeShareIosExpressive,SquareAndArrowUpExpressiveIcon
@nrk/core-icons/expressive,nrk-more-expressive--active,ellipsis-vertical-circle-solid-expressive,nrkMoreExpressiveActive,ellipsisVerticalCircleSolidExpressiveIcon,NrkMoreExpressiveActive,EllipsisVerticalCircleSolidExpressiveIcon
@nrk/core-icons/expressive,nrk-more-expressive,ellipsis-vertical-expressive,nrkMoreExpressive,ellipsisVerticalExpressiveIcon,NrkMoreExpressive,EllipsisVerticalExpressiveIcon
@nrk/core-icons/expressive,nrk-link-expressive,link-expressive,nrkLinkExpressive,linkExpressiveIcon,NrkLinkExpressive,LinkExpressiveIcon
@nrk/core-icons/expressive,nrk-arrow-left-expressive,arrow-left-expressive,nrkArrowLeftExpressive,arrowLeftExpressiveIcon,NrkArrowLeftExpressive,ArrowLeftExpressiveIcon
@nrk/core-icons/expressive,nrk-back-expressive,arrow-uturn-left-expressive,nrkBackExpressive,arrowUturnLeftExpressiveIcon,NrkBackExpressive,ArrowUturnLeftExpressiveIcon
@nrk/core-icons/expressive,nrk-star-expressive--active,star-solid-expressive,nrkStarExpressiveActive,starSolidExpressiveIcon,NrkStarExpressiveActive,StarSolidExpressiveIcon
@nrk/core-icons/expressive,nrk-chevron-right-expressive,chevron-right-expressive,nrkChevronRightExpressive,chevronRightExpressiveIcon,NrkChevronRightExpressive,ChevronRightExpressiveIcon
@nrk/core-icons/expressive,nrk-star-expressive,star-expressive,nrkStarExpressive,starExpressiveIcon,NrkStarExpressive,StarExpressiveIcon
@nrk/core-icons/expressive,nrk-hardware-radio-expressive,radio-expressive,nrkHardwareRadioExpressive,radioExpressiveIcon,NrkHardwareRadioExpressive,RadioExpressiveIcon
@nrk/core-icons/expressive,nrk-latest-news-expressive--active,dot-radiowaves-circle-solid-expressive,nrkLatestNewsExpressiveActive,dotRadiowavesCircleSolidExpressiveIcon,NrkLatestNewsExpressiveActive,DotRadiowavesCircleSolidExpressiveIcon
@nrk/core-icons/expressive,nrk-bell-expressive,bell-expressive,nrkBellExpressive,bellExpressiveIcon,NrkBellExpressive,BellExpressiveIcon
@nrk/core-icons/expressive,nrk-lock-expressive,lock-closed-expressive,nrkLockExpressive,lockClosedExpressiveIcon,NrkLockExpressive,LockClosedExpressiveIcon
@nrk/core-icons/expressive,nrk-hardware-watch-expressive,watch-expressive,nrkHardwareWatchExpressive,watchExpressiveIcon,NrkHardwareWatchExpressive,WatchExpressiveIcon
@nrk/core-icons/expressive,nrk-media-chromecast-expressive--2,chromecast-2-expressive,nrkMediaChromecastExpressive2,chromecast2ExpressiveIcon,NrkMediaChromecastExpressive2,Chromecast2ExpressiveIcon
@nrk/core-icons/expressive,nrk-media-video-expressive,play-rectangle-expressive,nrkMediaVideoExpressive,playRectangleExpressiveIcon,NrkMediaVideoExpressive,PlayRectangleExpressiveIcon
@nrk/core-icons/expressive,nrk-tilgjengelighet-expressive,accessibility-expressive,nrkTilgjengelighetExpressive,accessibilityExpressiveIcon,NrkTilgjengelighetExpressive,AccessibilityExpressiveIcon
@nrk/core-icons/expressive,nrk-user-loggedin-expressive,face-grinning-expressive,nrkUserLoggedinExpressive,faceGrinningExpressiveIcon,NrkUserLoggedinExpressive,FaceGrinningExpressiveIcon
@nrk/core-icons/expressive,nrk-media-index-quaver-tiny-expressive,music-note-tiny-expressive,nrkMediaIndexQuaverTinyExpressive,musicNoteTinyExpressiveIcon,NrkMediaIndexQuaverTinyExpressive,MusicNoteTinyExpressiveIcon
@nrk/core-icons/expressive,nrk-media-playlist-remove-expressive,list-xmark-expressive,nrkMediaPlaylistRemoveExpressive,listXmarkExpressiveIcon,NrkMediaPlaylistRemoveExpressive,ListXmarkExpressiveIcon
@nrk/core-icons/expressive,nrk-chevron-left-expressive,chevron-left-expressive,nrkChevronLeftExpressive,chevronLeftExpressiveIcon,NrkChevronLeftExpressive,ChevronLeftExpressiveIcon
@nrk/core-icons/expressive,nrk-media-quaver-expressive,music-note-expressive,nrkMediaQuaverExpressive,musicNoteExpressiveIcon,NrkMediaQuaverExpressive,MusicNoteExpressiveIcon
@nrk/core-icons/expressive,nrk-chevron-down-expressive,chevron-down-expressive,nrkChevronDownExpressive,chevronDownExpressiveIcon,NrkChevronDownExpressive,ChevronDownExpressiveIcon
@nrk/core-icons/expressive,nrk-trash-expressive--active,trashcan-solid-expressive,nrkTrashExpressiveActive,trashcanSolidExpressiveIcon,NrkTrashExpressiveActive,TrashcanSolidExpressiveIcon
@nrk/core-icons/expressive,nrk-calendar-expressive,calendar-expressive,nrkCalendarExpressive,calendarExpressiveIcon,NrkCalendarExpressive,CalendarExpressiveIcon
@nrk/core-icons/expressive,nrk-tilgjengelighet-horbarhet-expressive,ear-expressive,nrkTilgjengelighetHorbarhetExpressive,earExpressiveIcon,NrkTilgjengelighetHorbarhetExpressive,EarExpressiveIcon
@nrk/core-icons/expressive,nrk-offline-expressive,wifi-slash-expressive,nrkOfflineExpressive,wifiSlashExpressiveIcon,NrkOfflineExpressive,WifiSlashExpressiveIcon
@nrk/core-icons/expressive,nrk-media-chromecast-expressive--3,chromecast-3-expressive,nrkMediaChromecastExpressive3,chromecast3ExpressiveIcon,NrkMediaChromecastExpressive3,Chromecast3ExpressiveIcon
@nrk/core-icons/expressive,nrk-media-direktetv-expressive,tv-dot-expressive,nrkMediaDirektetvExpressive,tvDotExpressiveIcon,NrkMediaDirektetvExpressive,TvDotExpressiveIcon
@nrk/core-icons/expressive,nrk-media-pause-expressive,pause-expressive,nrkMediaPauseExpressive,pauseExpressiveIcon,NrkMediaPauseExpressive,PauseExpressiveIcon
@nrk/core-icons/expressive,nrk-dialogue-expressive,speech-bubbles-expressive,nrkDialogueExpressive,speechBubblesExpressiveIcon,NrkDialogueExpressive,SpeechBubblesExpressiveIcon
@nrk/core-icons/expressive,nrk-media-airplay-expressive,airplay-expressive,nrkMediaAirplayExpressive,airplayExpressiveIcon,NrkMediaAirplayExpressive,AirplayExpressiveIcon
@nrk/core-icons/expressive,nrk-alarm-clock-expressive,clock-alarm-expressive,nrkAlarmClockExpressive,clockAlarmExpressiveIcon,NrkAlarmClockExpressive,ClockAlarmExpressiveIcon
@nrk/core-icons/expressive,nrk-hardware-microphone-expressive--active,microphone-solid-expressive,nrkHardwareMicrophoneExpressiveActive,microphoneSolidExpressiveIcon,NrkHardwareMicrophoneExpressiveActive,MicrophoneSolidExpressiveIcon
@nrk/core-icons/expressive,nrk-home-expressive--active,house-solid-expressive,nrkHomeExpressiveActive,houseSolidExpressiveIcon,NrkHomeExpressiveActive,HouseSolidExpressiveIcon
@nrk/core-icons/expressive,nrk-list-expressive,list-expressive,nrkListExpressive,listExpressiveIcon,NrkListExpressive,ListExpressiveIcon
@nrk/core-icons/expressive,nrk-media-programguide-expressive,magazine-expressive,nrkMediaProgramguideExpressive,magazineExpressiveIcon,NrkMediaProgramguideExpressive,MagazineExpressiveIcon
@nrk/core-icons/expressive,nrk-media-bluetooth-expressive,bluetooth-expressive,nrkMediaBluetoothExpressive,bluetoothExpressiveIcon,NrkMediaBluetoothExpressive,BluetoothExpressiveIcon
@nrk/core-icons/expressive,nrk-media-airplay-expressive--active,airplay-solid-expressive,nrkMediaAirplayExpressiveActive,airplaySolidExpressiveIcon,NrkMediaAirplayExpressiveActive,AirplaySolidExpressiveIcon
@nrk/core-icons/expressive,nrk-media-volume-expressive--3,volume-3-expressive,nrkMediaVolumeExpressive3,volume3ExpressiveIcon,NrkMediaVolumeExpressive3,Volume3ExpressiveIcon
@nrk/core-icons/expressive,nrk-media-direktetv-expressive--active,tv-dot-solid-expressive,nrkMediaDirektetvExpressiveActive,tvDotSolidExpressiveIcon,NrkMediaDirektetvExpressiveActive,TvDotSolidExpressiveIcon
@nrk/core-icons/expressive,nrk-media-playlist-add-expressive,list-plus-expressive,nrkMediaPlaylistAddExpressive,listPlusExpressiveIcon,NrkMediaPlaylistAddExpressive,ListPlusExpressiveIcon
@nrk/core-icons/expressive,nrk-media-quaver-off-expressive,music-note-slash-expressive,nrkMediaQuaverOffExpressive,musicNoteSlashExpressiveIcon,NrkMediaQuaverOffExpressive,MusicNoteSlashExpressiveIcon
@nrk/core-icons/expressive,nrk-some-email-expressive,envelope-expressive,nrkSomeEmailExpressive,envelopeExpressiveIcon,NrkSomeEmailExpressive,EnvelopeExpressiveIcon
@nrk/core-icons/expressive,nrk-tilgjengelighet-synstolking-expressive,audio-description-expressive,nrkTilgjengelighetSynstolkingExpressive,audioDescriptionExpressiveIcon,NrkTilgjengelighetSynstolkingExpressive,AudioDescriptionExpressiveIcon
@nrk/core-icons/expressive,nrk-geo-expressive,target-expressive,nrkGeoExpressive,targetExpressiveIcon,NrkGeoExpressive,TargetExpressiveIcon
@nrk/core-icons/expressive,nrk-comment-expressive,speech-bubble-line-expressive,nrkCommentExpressive,speechBubbleLineExpressiveIcon,NrkCommentExpressive,SpeechBubbleLineExpressiveIcon
@nrk/core-icons/expressive,nrk-check-expressive--active,checkmark-circle-checked-solid-expressive,nrkCheckExpressiveActive,checkmarkCircleCheckedSolidExpressiveIcon,NrkCheckExpressiveActive,CheckmarkCircleCheckedSolidExpressiveIcon
@nrk/core-icons/expressive,nrk-media-completed-expressive,checkmark-circle-checked-solid-expressive,nrkMediaCompletedExpressive,checkmarkCircleCheckedSolidExpressiveIcon,NrkMediaCompletedExpressive,CheckmarkCircleCheckedSolidExpressiveIcon
@nrk/core-icons/expressive,nrk-media-soundwave-expressive,soundwave-expressive,nrkMediaSoundwaveExpressive,soundwaveExpressiveIcon,NrkMediaSoundwaveExpressive,SoundwaveExpressiveIcon
@nrk/core-icons/expressive,nrk-mat-expressive,cutlery-expressive,nrkMatExpressive,cutleryExpressiveIcon,NrkMatExpressive,CutleryExpressiveIcon
@nrk/core-icons/expressive,nrk-media-play-expressive,play-expressive,nrkMediaPlayExpressive,playExpressiveIcon,NrkMediaPlayExpressive,PlayExpressiveIcon
@nrk/core-icons/expressive,nrk-mening-expressive,quote-expressive,nrkMeningExpressive,quoteExpressiveIcon,NrkMeningExpressive,QuoteExpressiveIcon
@nrk/core-icons/expressive,nrk-media-tilgjengelighet-ikkelengertilgjengelig-expressive,sun-horizon-expressive,nrkMediaTilgjengelighetIkkelengertilgjengeligExpressive,sunHorizonExpressiveIcon,NrkMediaTilgjengelighetIkkelengertilgjengeligExpressive,SunHorizonExpressiveIcon
@nrk/core-icons/expressive,nrk-hardware-speaker-expressive,speaker-expressive,nrkHardwareSpeakerExpressive,speakerExpressiveIcon,NrkHardwareSpeakerExpressive,SpeakerExpressiveIcon
@nrk/core-icons/expressive,nrk-media-quaver-expressive--active,music-note-solid-expressive,nrkMediaQuaverExpressiveActive,musicNoteSolidExpressiveIcon,NrkMediaQuaverExpressiveActive,MusicNoteSolidExpressiveIcon
@nrk/core-icons/expressive,nrk-hardware-game-expressive,game-controller-expressive,nrkHardwareGameExpressive,gameControllerExpressiveIcon,NrkHardwareGameExpressive,GameControllerExpressiveIcon
@nrk/core-icons/expressive,nrk-checkbox-expressive--active,checkbox-checked-solid-expressive,nrkCheckboxExpressiveActive,checkboxCheckedSolidExpressiveIcon,NrkCheckboxExpressiveActive,CheckboxCheckedSolidExpressiveIcon
@nrk/core-icons/expressive,nrk-user-notloggedin-expressive--active,face-smiling-solid-expressive,nrkUserNotloggedinExpressiveActive,faceSmilingSolidExpressiveIcon,NrkUserNotloggedinExpressiveActive,FaceSmilingSolidExpressiveIcon
@nrk/core-icons/expressive,nrk-media-programguide-expressive--active,magazine-solid-expressive,nrkMediaProgramguideExpressiveActive,magazineSolidExpressiveIcon,NrkMediaProgramguideExpressiveActive,MagazineSolidExpressiveIcon
@nrk/core-icons/expressive,nrk-arrow-up-expressive,arrow-up-expressive,nrkArrowUpExpressive,arrowUpExpressiveIcon,NrkArrowUpExpressive,ArrowUpExpressiveIcon
@nrk/core-icons/expressive,nrk-hardware-tablet-expressive,tablet-expressive,nrkHardwareTabletExpressive,tabletExpressiveIcon,NrkHardwareTabletExpressive,TabletExpressiveIcon
@nrk/core-icons/expressive,nrk-media-picture-in-picture-expressive,picture-in-picture-enter-expressive,nrkMediaPictureInPictureExpressive,pictureInPictureEnterExpressiveIcon,NrkMediaPictureInPictureExpressive,PictureInPictureEnterExpressiveIcon
@nrk/core-icons/expressive,nrk-tilgjengelighet-lydtekst-expressive,spoken-subtitles-expressive,nrkTilgjengelighetLydtekstExpressive,spokenSubtitlesExpressiveIcon,NrkTilgjengelighetLydtekstExpressive,SpokenSubtitlesExpressiveIcon
@nrk/core-icons/expressive,nrk-logout-expressive,logout-expressive,nrkLogoutExpressive,logoutExpressiveIcon,NrkLogoutExpressive,LogoutExpressiveIcon
@nrk/core-icons/expressive,nrk-bullet-square-expressive,bullet-point-expressive,nrkBulletSquareExpressive,bulletPointExpressiveIcon,NrkBulletSquareExpressive,BulletPointExpressiveIcon
@nrk/core-icons/expressive,nrk-minus-expressive,minus-expressive,nrkMinusExpressive,minusExpressiveIcon,NrkMinusExpressive,MinusExpressiveIcon
@nrk/core-icons/expressive,nrk-user-notloggedin-expressive,face-smiling-expressive,nrkUserNotloggedinExpressive,faceSmilingExpressiveIcon,NrkUserNotloggedinExpressive,FaceSmilingExpressiveIcon
@nrk/core-icons/expressive,nrk-hardware-tv-expressive,tv-expressive,nrkHardwareTvExpressive,tvExpressiveIcon,NrkHardwareTvExpressive,TvExpressiveIcon
@nrk/core-icons/expressive,nrk-hardware-computer-expressive,monitor-expressive,nrkHardwareComputerExpressive,monitorExpressiveIcon,NrkHardwareComputerExpressive,MonitorExpressiveIcon
@nrk/core-icons/expressive,nrk-media-play-expressive--fail,play-slash-expressive,nrkMediaPlayExpressiveFail,playSlashExpressiveIcon,NrkMediaPlayExpressiveFail,PlaySlashExpressiveIcon
@nrk/core-icons/expressive,nrk-globe-expressive,globe-expressive,nrkGlobeExpressive,globeExpressiveIcon,NrkGlobeExpressive,GlobeExpressiveIcon
@nrk/core-icons/expressive,nrk-media-media-incomplete-expressive,xmark-circle-checked-expressive,nrkMediaMediaIncompleteExpressive,xmarkCircleCheckedExpressiveIcon,NrkMediaMediaIncompleteExpressive,XmarkCircleCheckedExpressiveIcon
@nrk/core-icons/expressive,nrk-hardware-smart-watch-expressive,smart-watch-expressive,nrkHardwareSmartWatchExpressive,smartWatchExpressiveIcon,NrkHardwareSmartWatchExpressive,SmartWatchExpressiveIcon
@nrk/core-icons/expressive,nrk-heart-expressive--active,heart-solid-expressive,nrkHeartExpressiveActive,heartSolidExpressiveIcon,NrkHeartExpressiveActive,HeartSolidExpressiveIcon
@nrk/core-icons/expressive,nrk-rotate-expressive,arrows-circle-counterclockwise-expressive,nrkRotateExpressive,arrowsCircleCounterclockwiseExpressiveIcon,NrkRotateExpressive,ArrowsCircleCounterclockwiseExpressiveIcon
@nrk/core-icons/expressive,nrk-arrow-right-long-expressive,arrow-right-long-expressive,nrkArrowRightLongExpressive,arrowRightLongExpressiveIcon,NrkArrowRightLongExpressive,ArrowRightLongExpressiveIcon
@nrk/core-icons/expressive,nrk-media-beam-note-expressive,music-notes-expressive,nrkMediaBeamNoteExpressive,musicNotesExpressiveIcon,NrkMediaBeamNoteExpressive,MusicNotesExpressiveIcon
@nrk/core-icons/expressive,nrk-geo-expressive--active,target-solid-expressive,nrkGeoExpressiveActive,targetSolidExpressiveIcon,NrkGeoExpressiveActive,TargetSolidExpressiveIcon
@nrk/core-icons/expressive,nrk-media-playlist-added-expressive,list-check-expressive,nrkMediaPlaylistAddedExpressive,listCheckExpressiveIcon,NrkMediaPlaylistAddedExpressive,ListCheckExpressiveIcon
@nrk/core-icons/expressive,nrk-media-chromecast-expressive--1,chromecast-1-expressive,nrkMediaChromecastExpressive1,chromecast1ExpressiveIcon,NrkMediaChromecastExpressive1,Chromecast1ExpressiveIcon
@nrk/core-icons/expressive,nrk-latest-news-expressive,dot-radiowaves-expressive,nrkLatestNewsExpressive,dotRadiowavesExpressiveIcon,NrkLatestNewsExpressive,DotRadiowavesExpressiveIcon
@nrk/core-icons/expressive,nrk-404-expressive,shapes-unordered-expressive,nrk404Expressive,shapesUnorderedExpressiveIcon,Nrk404Expressive,ShapesUnorderedExpressiveIcon
@nrk/core-icons/expressive,nrk-media-404-notfound-expressive,shapes-unordered-expressive,nrkMedia404NotfoundExpressive,shapesUnorderedExpressiveIcon,NrkMedia404NotfoundExpressive,ShapesUnorderedExpressiveIcon
@nrk/core-icons/expressive,nrk-media-subtitles-expressive--active,speech-bubble-subtitles-solid-expressive,nrkMediaSubtitlesExpressiveActive,speechBubbleSubtitlesSolidExpressiveIcon,NrkMediaSubtitlesExpressiveActive,SpeechBubbleSubtitlesSolidExpressiveIcon
@nrk/core-icons/expressive,nrk-media-playlist-expressive,list-play-expressive,nrkMediaPlaylistExpressive,listPlayExpressiveIcon,NrkMediaPlaylistExpressive,ListPlayExpressiveIcon
@nrk/core-icons/expressive,nrk-media-playlist-add-later-expressive,list-arrow-to-bottom-expressive,nrkMediaPlaylistAddLaterExpressive,listArrowToBottomExpressiveIcon,NrkMediaPlaylistAddLaterExpressive,ListArrowToBottomExpressiveIcon
@nrk/core-icons/expressive,nrk-geopoint-expressive,pin-expressive,nrkGeopointExpressive,pinExpressiveIcon,NrkGeopointExpressive,PinExpressiveIcon
@nrk/core-icons/expressive,nrk-arrow-left-long-expressive,arrow-left-long-expressive,nrkArrowLeftLongExpressive,arrowLeftLongExpressiveIcon,NrkArrowLeftLongExpressive,ArrowLeftLongExpressiveIcon
@nrk/core-icons/expressive,nrk-media-tilgjengelighet-geoblocked-expressive,parasol-expressive,nrkMediaTilgjengelighetGeoblockedExpressive,parasolExpressiveIcon,NrkMediaTilgjengelighetGeoblockedExpressive,ParasolExpressiveIcon
@nrk/core-icons/expressive,nrk-new-chat-expressive,speech-bubble-plus-expressive,nrkNewChatExpressive,speechBubblePlusExpressiveIcon,NrkNewChatExpressive,SpeechBubblePlusExpressiveIcon
@nrk/core-icons/expressive,nrk-downloaded-expressive,mobile-check-expressive,nrkDownloadedExpressive,mobileCheckExpressiveIcon,NrkDownloadedExpressive,MobileCheckExpressiveIcon
@nrk/core-icons/expressive,nrk-media-volume-expressive--1,volume-1-expressive,nrkMediaVolumeExpressive1,volume1ExpressiveIcon,NrkMediaVolumeExpressive1,Volume1ExpressiveIcon
@nrk/core-icons/expressive,nrk-hide-expressive,eye-slash-expressive,nrkHideExpressive,eyeSlashExpressiveIcon,NrkHideExpressive,EyeSlashExpressiveIcon
@nrk/core-icons/expressive,nrk-help-expressive,question-mark-circle-expressive,nrkHelpExpressive,questionMarkCircleExpressiveIcon,NrkHelpExpressive,QuestionMarkCircleExpressiveIcon
@nrk/core-icons/expressive,nrk-media-picture-in-picture-expressive--active,picture-in-picture-exit-expressive,nrkMediaPictureInPictureExpressiveActive,pictureInPictureExitExpressiveIcon,NrkMediaPictureInPictureExpressiveActive,PictureInPictureExitExpressiveIcon
@nrk/core-icons/expressive,nrk-media-volume-expressive--2,volume-2-expressive,nrkMediaVolumeExpressive2,volume2ExpressiveIcon,NrkMediaVolumeExpressive2,Volume2ExpressiveIcon
@nrk/core-icons/expressive,nrk-some-tommelopp-expressive--active,thumbs-up-solid-expressive,nrkSomeTommeloppExpressiveActive,thumbsUpSolidExpressiveIcon,NrkSomeTommeloppExpressiveActive,ThumbsUpSolidExpressiveIcon
@nrk/core-icons/expressive,nrk-some-share-expressive,arrow-turn-up-right-expressive,nrkSomeShareExpressive,arrowTurnUpRightExpressiveIcon,NrkSomeShareExpressive,ArrowTurnUpRightExpressiveIcon
@nrk/core-icons/expressive,nrk-reorder-expressive,arrows-up-down-expressive,nrkReorderExpressive,arrowsUpDownExpressiveIcon,NrkReorderExpressive,ArrowsUpDownExpressiveIcon
@nrk/core-icons/expressive,nrk-media-rwd-15sec-expressive,go-backward-15-expressive,nrkMediaRwd15secExpressive,goBackward15ExpressiveIcon,NrkMediaRwd15secExpressive,GoBackward15ExpressiveIcon
@nrk/core-icons/expressive,nrk-media-stop-expressive,stop-expressive,nrkMediaStopExpressive,stopExpressiveIcon,NrkMediaStopExpressive,StopExpressiveIcon
@nrk/core-icons/expressive,nrk-media-rwd-5sec-expressive,go-backward-5-expressive,nrkMediaRwd5secExpressive,goBackward5ExpressiveIcon,NrkMediaRwd5secExpressive,GoBackward5ExpressiveIcon
@nrk/core-icons/expressive,nrk-bookmark-expressive,bookmark-expressive,nrkBookmarkExpressive,bookmarkExpressiveIcon,NrkBookmarkExpressive,BookmarkExpressiveIcon
@nrk/core-icons/expressive,nrk-media-rwd-expressive,backward-expressive,nrkMediaRwdExpressive,backwardExpressiveIcon,NrkMediaRwdExpressive,BackwardExpressiveIcon
@nrk/core-icons/expressive,nrk-close-expressive--active,xmark-circle-checked-solid-expressive,nrkCloseExpressiveActive,xmarkCircleCheckedSolidExpressiveIcon,NrkCloseExpressiveActive,XmarkCircleCheckedSolidExpressiveIcon
@nrk/core-icons/expressive,nrk-arrow-dropdown-expressive,arrowhead-down-expressive,nrkArrowDropdownExpressive,arrowheadDownExpressiveIcon,NrkArrowDropdownExpressive,ArrowheadDownExpressiveIcon
@nrk/core-icons/expressive,nrk-bookmark-expressive--active,bookmark-solid-expressive,nrkBookmarkExpressiveActive,bookmarkSolidExpressiveIcon,NrkBookmarkExpressiveActive,BookmarkSolidExpressiveIcon
@nrk/core-icons/expressive,nrk-media-jumpto-expressive,jumpto-expressive,nrkMediaJumptoExpressive,jumptoExpressiveIcon,NrkMediaJumptoExpressive,JumptoExpressiveIcon
@nrk/core-icons/expressive,nrk-checkbox-expressive,checkbox-unchecked-expressive,nrkCheckboxExpressive,checkboxUncheckedExpressiveIcon,NrkCheckboxExpressive,CheckboxUncheckedExpressiveIcon
@nrk/core-icons/expressive,nrk-check-expressive,checkmark-expressive,nrkCheckExpressive,checkmarkExpressiveIcon,NrkCheckExpressive,CheckmarkExpressiveIcon
@nrk/core-icons/expressive,nrk-refresh-expressive,arrow-circle-clockwise-expressive,nrkRefreshExpressive,arrowCircleClockwiseExpressiveIcon,NrkRefreshExpressive,ArrowCircleClockwiseExpressiveIcon
@nrk/core-icons/expressive,nrk-article-expressive,document-expressive,nrkArticleExpressive,documentExpressiveIcon,NrkArticleExpressive,DocumentExpressiveIcon
@nrk/core-icons/expressive,nrk-user-loggedin-expressive--active,face-grinning-solid-expressive,nrkUserLoggedinExpressiveActive,faceGrinningSolidExpressiveIcon,NrkUserLoggedinExpressiveActive,FaceGrinningSolidExpressiveIcon
@nrk/core-icons/expressive,nrk-category-expressive--active,squares-2x2-solid-expressive,nrkCategoryExpressiveActive,squares2x2SolidExpressiveIcon,NrkCategoryExpressiveActive,Squares2x2SolidExpressiveIcon
@nrk/core-icons/expressive,nrk-hardware-microphone-expressive,microphone-expressive,nrkHardwareMicrophoneExpressive,microphoneExpressiveIcon,NrkHardwareMicrophoneExpressive,MicrophoneExpressiveIcon
@nrk/core-icons/expressive,nrk-hardware-camera-expressive,camera-expressive,nrkHardwareCameraExpressive,cameraExpressiveIcon,NrkHardwareCameraExpressive,CameraExpressiveIcon
@nrk/core-icons/expressive,nrk-duration-expressive,clock-timer-expressive,nrkDurationExpressive,clockTimerExpressiveIcon,NrkDurationExpressive,ClockTimerExpressiveIcon
@nrk/core-icons/expressive,nrk-media-tilgjengelighet-kommer-expressive,clock-timer-expressive,nrkMediaTilgjengelighetKommerExpressive,clockTimerExpressiveIcon,NrkMediaTilgjengelighetKommerExpressive,ClockTimerExpressiveIcon
@nrk/core-icons/expressive,nrk-media-next-expressive,forward-end-expressive,nrkMediaNextExpressive,forwardEndExpressiveIcon,NrkMediaNextExpressive,ForwardEndExpressiveIcon
@nrk/core-icons/expressive,nrk-hardware-printer-expressive,printer-expressive,nrkHardwarePrinterExpressive,printerExpressiveIcon,NrkHardwarePrinterExpressive,PrinterExpressiveIcon
@nrk/core-icons/expressive,nrk-bulleted-list-expressive,list-bullet-expressive,nrkBulletedListExpressive,listBulletExpressiveIcon,NrkBulletedListExpressive,ListBulletExpressiveIcon
@nrk/core-icons/expressive,nrk-reload-expressive,arrow-circle-counterclockwise-expressive,nrkReloadExpressive,arrowCircleCounterclockwiseExpressiveIcon,NrkReloadExpressive,ArrowCircleCounterclockwiseExpressiveIcon
@nrk/core-icons/expressive,nrk-fullscreen-expressive,arrows-expand-expressive,nrkFullscreenExpressive,arrowsExpandExpressiveIcon,NrkFullscreenExpressive,ArrowsExpandExpressiveIcon
@nrk/core-icons/expressive,nrk-media-theater-expressive,rectangle-expand-expressive,nrkMediaTheaterExpressive,rectangleExpandExpressiveIcon,NrkMediaTheaterExpressive,RectangleExpandExpressiveIcon
@nrk/core-icons/expressive,nrk-user-avatar-expressive,nrksuper-avatar-expressive,nrkUserAvatarExpressive,nrksuperAvatarExpressiveIcon,NrkUserAvatarExpressive,NrksuperAvatarExpressiveIcon
@nrk/core-icons/expressive,nrk-warning-expressive,exclamation-mark-triangle-expressive,nrkWarningExpressive,exclamationMarkTriangleExpressiveIcon,NrkWarningExpressive,ExclamationMarkTriangleExpressiveIcon
@nrk/core-icons/expressive,nrk-poll-expressive,bar-graph-expressive,nrkPollExpressive,barGraphExpressiveIcon,NrkPollExpressive,BarGraphExpressiveIcon
@nrk/core-icons/expressive,nrk-longread-expressive--active,glasses-solid-expressive,nrkLongreadExpressiveActive,glassesSolidExpressiveIcon,NrkLongreadExpressiveActive,GlassesSolidExpressiveIcon
@nrk/core-icons/expressive,nrk-category-expressive,squares-2x2-expressive,nrkCategoryExpressive,squares2x2ExpressiveIcon,NrkCategoryExpressive,Squares2x2ExpressiveIcon
@nrk/core-icons/expressive,nrk-longread-expressive,glasses-expressive,nrkLongreadExpressive,glassesExpressiveIcon,NrkLongreadExpressive,GlassesExpressiveIcon
@nrk/core-icons/expressive,nrk-lyn-expressive,lightning-bolt-solid-expressive,nrkLynExpressive,lightningBoltSolidExpressiveIcon,NrkLynExpressive,LightningBoltSolidExpressiveIcon
@nrk/core-icons/expressive,nrk-arrange-list-expressive,drag-horizontal-expressive,nrkArrangeListExpressive,dragHorizontalExpressiveIcon,NrkArrangeListExpressive,DragHorizontalExpressiveIcon
@nrk/core-icons/expressive,nrk-media-volume-expressive--muted,volume-x-expressive,nrkMediaVolumeExpressiveMuted,volumeXExpressiveIcon,NrkMediaVolumeExpressiveMuted,VolumeXExpressiveIcon
@nrk/core-icons/expressive,nrk-media-theater-expressive--active,rectangle-contract-expressive,nrkMediaTheaterExpressiveActive,rectangleContractExpressiveIcon,NrkMediaTheaterExpressiveActive,RectangleContractExpressiveIcon
@nrk/core-icons/expressive,nrk-hardware-smart-speaker-expressive,smart-speaker-expressive,nrkHardwareSmartSpeakerExpressive,smartSpeakerExpressiveIcon,NrkHardwareSmartSpeakerExpressive,SmartSpeakerExpressiveIcon
@nrk/core-icons/expressive,nrk-media-tilgjengelighet-snartutilgjengelig-expressive,hourglass-expressive,nrkMediaTilgjengelighetSnartutilgjengeligExpressive,hourglassExpressiveIcon,NrkMediaTilgjengelighetSnartutilgjengeligExpressive,HourglassExpressiveIcon
@nrk/core-icons/expressive,nrk-tilgjengelighet-tegnspraak-expressive,sign-language-expressive,nrkTilgjengelighetTegnspraakExpressive,signLanguageExpressiveIcon,NrkTilgjengelighetTegnspraakExpressive,SignLanguageExpressiveIcon
@nrk/core-icons/expressive,nrk-fullscreen-expressive--active,arrows-contract-expressive,nrkFullscreenExpressiveActive,arrowsContractExpressiveIcon,NrkFullscreenExpressiveActive,ArrowsContractExpressiveIcon
@nrk/core-icons/expressive,nrk-home-expressive,house-expressive,nrkHomeExpressive,houseExpressiveIcon,NrkHomeExpressive,HouseExpressiveIcon
@nrk/core-icons/expressive,nrk-clock-expressive,clock-expressive,nrkClockExpressive,clockExpressiveIcon,NrkClockExpressive,ClockExpressiveIcon
@nrk/core-icons/expressive,nrk-media-subtitles-expressive--unavailable,speech-bubble-inactive-expressive,nrkMediaSubtitlesExpressiveUnavailable,speechBubbleInactiveExpressiveIcon,NrkMediaSubtitlesExpressiveUnavailable,SpeechBubbleInactiveExpressiveIcon
@nrk/core-icons/expressive,nrk-plus-expressive,plus-expressive,nrkPlusExpressive,plusExpressiveIcon,NrkPlusExpressive,PlusExpressiveIcon
@nrk/core-icons/expressive,nrk-media-playlist-add-next-expressive,list-arrow-to-top-expressive,nrkMediaPlaylistAddNextExpressive,listArrowToTopExpressiveIcon,NrkMediaPlaylistAddNextExpressive,ListArrowToTopExpressiveIcon
@nrk/core-icons/expressive,nrk-gallery-expressive,image-stack-expressive,nrkGalleryExpressive,imageStackExpressiveIcon,NrkGalleryExpressive,ImageStackExpressiveIcon
@nrk/core-icons/expressive,nrk-some-embed-expressive,code-expressive,nrkSomeEmbedExpressive,codeExpressiveIcon,NrkSomeEmbedExpressive,CodeExpressiveIcon
@nrk/core-icons/logo,nrk-logo-nrk-tegnspraak-on-light,nrk-tegnspraak-on-light,nrkLogoNrkTegnspraakOnLight,nrkTegnspraakOnLightIcon,NrkLogoNrkTegnspraakOnLight,NrkTegnspraakOnLightLogo
@nrk/core-icons/logo,nrk-logo-nrk-tegnspraak-title-below-on-dark,nrk-tegnspraak-title-below-on-dark,nrkLogoNrkTegnspraakTitleBelowOnDark,nrkTegnspraakTitleBelowOnDarkIcon,NrkLogoNrkTegnspraakTitleBelowOnDark,NrkTegnspraakTitleBelowOnDarkLogo
@nrk/core-icons/logo,nrk-logo-nrk-3,nrk-3,nrkLogoNrk3,nrk3Icon,NrkLogoNrk3,Nrk3Logo
@nrk/core-icons/logo,nrk-logo-nrk-tegnspraak-symbol,nrk-tegnspraak-symbol,nrkLogoNrkTegnspraakSymbol,nrkTegnspraakSymbolIcon,NrkLogoNrkTegnspraakSymbol,NrkTegnspraakSymbolLogo
@nrk/core-icons/logo,nrk-logo-nrk-tv-on-light,nrk-tv-on-light,nrkLogoNrkTvOnLight,nrkTvOnLightIcon,NrkLogoNrkTvOnLight,NrkTvOnLightLogo
@nrk/core-icons/logo,nrk-logo-nrk-p1-title-below,nrk-p1-title-below,nrkLogoNrkP1TitleBelow,nrkP1TitleBelowIcon,NrkLogoNrkP1TitleBelow,NrkP1TitleBelowLogo
@nrk/core-icons/logo,nrk-logo-nrk-1-on-dark,nrk-1-on-dark,nrkLogoNrk1OnDark,nrk1OnDarkIcon,NrkLogoNrk1OnDark,Nrk1OnDarkLogo
@nrk/core-icons/logo,nrk-logo-nrk-2-with-bg,nrk-2-with-bg,nrkLogoNrk2WithBg,nrk2WithBgIcon,NrkLogoNrk2WithBg,Nrk2WithBgLogo
@nrk/core-icons/logo,nrk-logo-nrk-nyheter-on-dark,nrk-nyheter-on-dark,nrkLogoNrkNyheterOnDark,nrkNyheterOnDarkIcon,NrkLogoNrkNyheterOnDark,NrkNyheterOnDarkLogo
@nrk/core-icons/logo,nrk-logo-nrk-radio-on-light,nrk-radio-on-light,nrkLogoNrkRadioOnLight,nrkRadioOnLightIcon,NrkLogoNrkRadioOnLight,NrkRadioOnLightLogo
@nrk/core-icons/logo,nrk-logo-nrk-klassisk-title-below-on-dark,nrk-klassisk-title-below-on-dark,nrkLogoNrkKlassiskTitleBelowOnDark,nrkKlassiskTitleBelowOnDarkIcon,NrkLogoNrkKlassiskTitleBelowOnDark,NrkKlassiskTitleBelowOnDarkLogo
@nrk/core-icons/logo,nrk-logo-nrk-super-title-below-on-dark,nrk-super-title-below-on-dark,nrkLogoNrkSuperTitleBelowOnDark,nrkSuperTitleBelowOnDarkIcon,NrkLogoNrkSuperTitleBelowOnDark,NrkSuperTitleBelowOnDarkLogo
@nrk/core-icons/logo,nrk-logo-nrk-p1,nrk-p1,nrkLogoNrkP1,nrkP1Icon,NrkLogoNrkP1,NrkP1Logo
@nrk/core-icons/logo,nrk-logo-nrk-3-on-light,nrk-3-on-light,nrkLogoNrk3OnLight,nrk3OnLightIcon,NrkLogoNrk3OnLight,Nrk3OnLightLogo
@nrk/core-icons/logo,nrk-logo-nrk-tegnspraak-title-below,nrk-tegnspraak-title-below,nrkLogoNrkTegnspraakTitleBelow,nrkTegnspraakTitleBelowIcon,NrkLogoNrkTegnspraakTitleBelow,NrkTegnspraakTitleBelowLogo
@nrk/core-icons/logo,nrk-logo-nrk-p1-pluss-title-below,nrk-p1-pluss-title-below,nrkLogoNrkP1PlussTitleBelow,nrkP1PlussTitleBelowIcon,NrkLogoNrkP1PlussTitleBelow,NrkP1PlussTitleBelowLogo
@nrk/core-icons/logo,nrk-logo-nrk-vestland,nrk-vestland,nrkLogoNrkVestland,nrkVestlandIcon,NrkLogoNrkVestland,NrkVestlandLogo
@nrk/core-icons/logo,nrk-logo-nrk-tv-title-below-on-dark,nrk-tv-title-below-on-dark,nrkLogoNrkTvTitleBelowOnDark,nrkTvTitleBelowOnDarkIcon,NrkLogoNrkTvTitleBelowOnDark,NrkTvTitleBelowOnDarkLogo
@nrk/core-icons/logo,nrk-logo-nrk-super-on-light,nrk-super-on-light,nrkLogoNrkSuperOnLight,nrkSuperOnLightIcon,NrkLogoNrkSuperOnLight,NrkSuperOnLightLogo
@nrk/core-icons/logo,nrk-logo-nrk-jazz-title-below,nrk-jazz-title-below,nrkLogoNrkJazzTitleBelow,nrkJazzTitleBelowIcon,NrkLogoNrkJazzTitleBelow,NrkJazzTitleBelowLogo
@nrk/core-icons/logo,nrk-logo-nrk-super-with-bg,nrk-super-with-bg,nrkLogoNrkSuperWithBg,nrkSuperWithBgIcon,NrkLogoNrkSuperWithBg,NrkSuperWithBgLogo
@nrk/core-icons/logo,nrk-logo-nrk-jazz-on-dark,nrk-jazz-on-dark,nrkLogoNrkJazzOnDark,nrkJazzOnDarkIcon,NrkLogoNrkJazzOnDark,NrkJazzOnDarkLogo
@nrk/core-icons/logo,nrk-logo-nrk-radio-on-dark,nrk-radio-on-dark,nrkLogoNrkRadioOnDark,nrkRadioOnDarkIcon,NrkLogoNrkRadioOnDark,NrkRadioOnDarkLogo
@nrk/core-icons/logo,nrk-logo-nrk-p1-with-bg,nrk-p1-with-bg,nrkLogoNrkP1WithBg,nrkP1WithBgIcon,NrkLogoNrkP1WithBg,NrkP1WithBgLogo
@nrk/core-icons/logo,nrk-logo-nrk-radio-title-below,nrk-radio-title-below,nrkLogoNrkRadioTitleBelow,nrkRadioTitleBelowIcon,NrkLogoNrkRadioTitleBelow,NrkRadioTitleBelowLogo
@nrk/core-icons/logo,nrk-logo-nrk-1,nrk-1,nrkLogoNrk1,nrk1Icon,NrkLogoNrk1,Nrk1Logo
@nrk/core-icons/logo,nrk-logo-nrk-p2,nrk-p2,nrkLogoNrkP2,nrkP2Icon,NrkLogoNrkP2,NrkP2Logo
@nrk/core-icons/logo,nrk-logo-nrk-super-title-below,nrk-super-title-below,nrkLogoNrkSuperTitleBelow,nrkSuperTitleBelowIcon,NrkLogoNrkSuperTitleBelow,NrkSuperTitleBelowLogo
@nrk/core-icons/logo,nrk-logo-nrk-super-title-below-on-light,nrk-super-title-below-on-light,nrkLogoNrkSuperTitleBelowOnLight,nrkSuperTitleBelowOnLightIcon,NrkLogoNrkSuperTitleBelowOnLight,NrkSuperTitleBelowOnLightLogo
@nrk/core-icons/logo,nrk-logo-nrk-klassisk-title-below-on-light,nrk-klassisk-title-below-on-light,nrkLogoNrkKlassiskTitleBelowOnLight,nrkKlassiskTitleBelowOnLightIcon,NrkLogoNrkKlassiskTitleBelowOnLight,NrkKlassiskTitleBelowOnLightLogo
@nrk/core-icons/logo,nrk-logo-nrk-radio-with-bg,nrk-radio-with-bg,nrkLogoNrkRadioWithBg,nrkRadioWithBgIcon,NrkLogoNrkRadioWithBg,NrkRadioWithBgLogo
@nrk/core-icons/logo,nrk-logo-nrk-3-with-bg,nrk-3-with-bg,nrkLogoNrk3WithBg,nrk3WithBgIcon,NrkLogoNrk3WithBg,Nrk3WithBgLogo
@nrk/core-icons/logo,nrk-logo-nrk-radio-title-below-on-light,nrk-radio-title-below-on-light,nrkLogoNrkRadioTitleBelowOnLight,nrkRadioTitleBelowOnLightIcon,NrkLogoNrkRadioTitleBelowOnLight,NrkRadioTitleBelowOnLightLogo
@nrk/core-icons/logo,nrk-logo-nrk-radio-title-below-on-dark,nrk-radio-title-below-on-dark,nrkLogoNrkRadioTitleBelowOnDark,nrkRadioTitleBelowOnDarkIcon,NrkLogoNrkRadioTitleBelowOnDark,NrkRadioTitleBelowOnDarkLogo
@nrk/core-icons/logo,nrk-logo-nrk-p1-pluss-on-light,nrk-p1-pluss-on-light,nrkLogoNrkP1PlussOnLight,nrkP1PlussOnLightIcon,NrkLogoNrkP1PlussOnLight,NrkP1PlussOnLightLogo
@nrk/core-icons/logo,nrk-logo-nrk-tv,nrk-tv,nrkLogoNrkTv,nrkTvIcon,NrkLogoNrkTv,NrkTvLogo
@nrk/core-icons/logo,nrk-logo-nrk-trafikk-on-light,nrk-trafikk-on-light,nrkLogoNrkTrafikkOnLight,nrkTrafikkOnLightIcon,NrkLogoNrkTrafikkOnLight,NrkTrafikkOnLightLogo
@nrk/core-icons/logo,nrk-logo-nrk-nordland-with-bg,nrk-nordland-with-bg,nrkLogoNrkNordlandWithBg,nrkNordlandWithBgIcon,NrkLogoNrkNordlandWithBg,NrkNordlandWithBgLogo
@nrk/core-icons/logo,nrk-logo-nrk-buskerud-with-bg,nrk-buskerud-with-bg,nrkLogoNrkBuskerudWithBg,nrkBuskerudWithBgIcon,NrkLogoNrkBuskerudWithBg,NrkBuskerudWithBgLogo
@nrk/core-icons/logo,nrk-logo-nrk-troms-on-dark,nrk-troms-on-dark,nrkLogoNrkTromsOnDark,nrkTromsOnDarkIcon,NrkLogoNrkTromsOnDark,NrkTromsOnDarkLogo
@nrk/core-icons/logo,nrk-logo-nrk-troms,nrk-troms,nrkLogoNrkTroms,nrkTromsIcon,NrkLogoNrkTroms,NrkTromsLogo
@nrk/core-icons/logo,nrk-logo-nrk-stor-oslo-on-dark,nrk-stor-oslo-on-dark,nrkLogoNrkStorOsloOnDark,nrkStorOsloOnDarkIcon,NrkLogoNrkStorOsloOnDark,NrkStorOsloOnDarkLogo
@nrk/core-icons/logo,nrk-logo-nrk-trondelag-with-bg,nrk-trondelag-with-bg,nrkLogoNrkTrondelagWithBg,nrkTrondelagWithBgIcon,NrkLogoNrkTrondelagWithBg,NrkTrondelagWithBgLogo
@nrk/core-icons/logo,nrk-logo-nrk-sport-with-bg,nrk-sport-with-bg,nrkLogoNrkSportWithBg,nrkSportWithBgIcon,NrkLogoNrkSportWithBg,NrkSportWithBgLogo
@nrk/core-icons/logo,nrk-logo-nrk-sorlandet-title-below-on-light,nrk-sorlandet-title-below-on-light,nrkLogoNrkSorlandetTitleBelowOnLight,nrkSorlandetTitleBelowOnLightIcon,NrkLogoNrkSorlandetTitleBelowOnLight,NrkSorlandetTitleBelowOnLightLogo
@nrk/core-icons/logo,nrk-logo-nrk-sorlandet-title-below-on-dark,nrk-sorlandet-title-below-on-dark,nrkLogoNrkSorlandetTitleBelowOnDark,nrkSorlandetTitleBelowOnDarkIcon,NrkLogoNrkSorlandetTitleBelowOnDark,NrkSorlandetTitleBelowOnDarkLogo
@nrk/core-icons/logo,nrk-logo-nrk-tegnspraak-symbol-on-dark,nrk-tegnspraak-symbol-on-dark,nrkLogoNrkTegnspraakSymbolOnDark,nrkTegnspraakSymbolOnDarkIcon,NrkLogoNrkTegnspraakSymbolOnDark,NrkTegnspraakSymbolOnDarkLogo
@nrk/core-icons/logo,nrk-logo-nrk-kringkastingsorkestret-title-below,nrk-kringkastingsorkestret-title-below,nrkLogoNrkKringkastingsorkestretTitleBelow,nrkKringkastingsorkestretTitleBelowIcon,NrkLogoNrkKringkastingsorkestretTitleBelow,NrkKringkastingsorkestretTitleBelowLogo
@nrk/core-icons/logo,nrk-logo-nrk-rogaland-on-dark,nrk-rogaland-on-dark,nrkLogoNrkRogalandOnDark,nrkRogalandOnDarkIcon,NrkLogoNrkRogalandOnDark,NrkRogalandOnDarkLogo
@nrk/core-icons/logo,nrk-logo-nrk-buskerud-on-light,nrk-buskerud-on-light,nrkLogoNrkBuskerudOnLight,nrkBuskerudOnLightIcon,NrkLogoNrkBuskerudOnLight,NrkBuskerudOnLightLogo
@nrk/core-icons/logo,nrk-logo-nrk-trafikk,nrk-trafikk,nrkLogoNrkTrafikk,nrkTrafikkIcon,NrkLogoNrkTrafikk,NrkTrafikkLogo
@nrk/core-icons/logo,nrk-logo-nrk-sport-title-below-on-light,nrk-sport-title-below-on-light,nrkLogoNrkSportTitleBelowOnLight,nrkSportTitleBelowOnLightIcon,NrkLogoNrkSportTitleBelowOnLight,NrkSportTitleBelowOnLightLogo
@nrk/core-icons/logo,nrk-logo-nrk-rogaland-title-below,nrk-rogaland-title-below,nrkLogoNrkRogalandTitleBelow,nrkRogalandTitleBelowIcon,NrkLogoNrkRogalandTitleBelow,NrkRogalandTitleBelowLogo
@nrk/core-icons/logo,nrk-logo-nrk-mp3,nrk-mp3,nrkLogoNrkMp3,nrkMp3Icon,NrkLogoNrkMp3,NrkMp3Logo
@nrk/core-icons/logo,nrk-logo-nrk-nordland,nrk-nordland,nrkLogoNrkNordland,nrkNordlandIcon,NrkLogoNrkNordland,NrkNordlandLogo
@nrk/core-icons/logo,nrk-logo-nrk-stor-oslo-title-below-on-light,nrk-stor-oslo-title-below-on-light,nrkLogoNrkStorOsloTitleBelowOnLight,nrkStorOsloTitleBelowOnLightIcon,NrkLogoNrkStorOsloTitleBelowOnLight,NrkStorOsloTitleBelowOnLightLogo
@nrk/core-icons/logo,nrk-logo-nrk-innlandet-title-below-on-dark,nrk-innlandet-title-below-on-dark,nrkLogoNrkInnlandetTitleBelowOnDark,nrkInnlandetTitleBelowOnDarkIcon,NrkLogoNrkInnlandetTitleBelowOnDark,NrkInnlandetTitleBelowOnDarkLogo
@nrk/core-icons/logo,nrk-logo-nrk-rogaland,nrk-rogaland,nrkLogoNrkRogaland,nrkRogalandIcon,NrkLogoNrkRogaland,NrkRogalandLogo
@nrk/core-icons/logo,nrk-logo-nrk-nordland-title-below-on-dark,nrk-nordland-title-below-on-dark,nrkLogoNrkNordlandTitleBelowOnDark,nrkNordlandTitleBelowOnDarkIcon,NrkLogoNrkNordlandTitleBelowOnDark,NrkNordlandTitleBelowOnDarkLogo
@nrk/core-icons/logo,nrk-logo-nrk-troms-with-bg,nrk-troms-with-bg,nrkLogoNrkTromsWithBg,nrkTromsWithBgIcon,NrkLogoNrkTromsWithBg,NrkTromsWithBgLogo
@nrk/core-icons/logo,nrk-logo-nrk-sami-radio,nrk-sami-radio,nrkLogoNrkSamiRadio,nrkSamiRadioIcon,NrkLogoNrkSamiRadio,NrkSamiRadioLogo
@nrk/core-icons/logo,nrk-logo-nrk-stor-oslo-on-light,nrk-stor-oslo-on-light,nrkLogoNrkStorOsloOnLight,nrkStorOsloOnLightIcon,NrkLogoNrkStorOsloOnLight,NrkStorOsloOnLightLogo
@nrk/core-icons/logo,nrk-logo-nrk-sport-on-light,nrk-sport-on-light,nrkLogoNrkSportOnLight,nrkSportOnLightIcon,NrkLogoNrkSportOnLight,NrkSportOnLightLogo
@nrk/core-icons/logo,nrk-logo-nrk-sorlandet-with-bg,nrk-sorlandet-with-bg,nrkLogoNrkSorlandetWithBg,nrkSorlandetWithBgIcon,NrkLogoNrkSorlandetWithBg,NrkSorlandetWithBgLogo
@nrk/core-icons/logo,nrk-logo-nrk-rogaland-title-below-on-light,nrk-rogaland-title-below-on-light,nrkLogoNrkRogalandTitleBelowOnLight,nrkRogalandTitleBelowOnLightIcon,NrkLogoNrkRogalandTitleBelowOnLight,NrkRogalandTitleBelowOnLightLogo
@nrk/core-icons/logo,nrk-logo-nrk-stor-oslo-title-below,nrk-stor-oslo-title-below,nrkLogoNrkStorOsloTitleBelow,nrkStorOsloTitleBelowIcon,NrkLogoNrkStorOsloTitleBelow,NrkStorOsloTitleBelowLogo
@nrk/core-icons/logo,nrk-logo-nrk-p3-musikk,nrk-p3-musikk,nrkLogoNrkP3Musikk,nrkP3MusikkIcon,NrkLogoNrkP3Musikk,NrkP3MusikkLogo
@nrk/core-icons/logo,nrk-logo-nrk-mp3-title-below-on-light,nrk-mp3-title-below-on-light,nrkLogoNrkMp3TitleBelowOnLight,nrkMp3TitleBelowOnLightIcon,NrkLogoNrkMp3TitleBelowOnLight,NrkMp3TitleBelowOnLightLogo
@nrk/core-icons/logo,nrk-logo-nrk-buskerud-on-dark,nrk-buskerud-on-dark,nrkLogoNrkBuskerudOnDark,nrkBuskerudOnDarkIcon,NrkLogoNrkBuskerudOnDark,NrkBuskerudOnDarkLogo
@nrk/core-icons/logo,nrk-logo-nrk-stor-oslo,nrk-stor-oslo,nrkLogoNrkStorOslo,nrkStorOsloIcon,NrkLogoNrkStorOslo,NrkStorOsloLogo
@nrk/core-icons/logo,nrk-logo-nrk-sami-radio-title-below-on-light,nrk-sami-radio-title-below-on-light,nrkLogoNrkSamiRadioTitleBelowOnLight,nrkSamiRadioTitleBelowOnLightIcon,NrkLogoNrkSamiRadioTitleBelowOnLight,NrkSamiRadioTitleBelowOnLightLogo
@nrk/core-icons/logo,nrk-logo-nrk-rogaland-title-below-on-dark,nrk-rogaland-title-below-on-dark,nrkLogoNrkRogalandTitleBelowOnDark,nrkRogalandTitleBelowOnDarkIcon,NrkLogoNrkRogalandTitleBelowOnDark,NrkRogalandTitleBelowOnDarkLogo
@nrk/core-icons/logo,nrk-logo-nrk-yr-radio-on-dark,nrk-yr-radio-on-dark,nrkLogoNrkYrRadioOnDark,nrkYrRadioOnDarkIcon,NrkLogoNrkYrRadioOnDark,NrkYrRadioOnDarkLogo
@nrk/core-icons/logo,nrk-logo-nrk-super-symbol,nrk-super-symbol,nrkLogoNrkSuperSymbol,nrkSuperSymbolIcon,NrkLogoNrkSuperSymbol,NrkSuperSymbolLogo
@nrk/core-icons/logo,nrk-logo-nrk-trafikk-title-below,nrk-trafikk-title-below,nrkLogoNrkTrafikkTitleBelow,nrkTrafikkTitleBelowIcon,NrkLogoNrkTrafikkTitleBelow,NrkTrafikkTitleBelowLogo
@nrk/core-icons/logo,nrk-logo-nrk-vestland-title-below,nrk-vestland-title-below,nrkLogoNrkVestlandTitleBelow,nrkVestlandTitleBelowIcon,NrkLogoNrkVestlandTitleBelow,NrkVestlandTitleBelowLogo
@nrk/core-icons/logo,nrk-logo-nrk-sorlandet-on-dark,nrk-sorlandet-on-dark,nrkLogoNrkSorlandetOnDark,nrkSorlandetOnDarkIcon,NrkLogoNrkSorlandetOnDark,NrkSorlandetOnDarkLogo
@nrk/core-icons/logo,nrk-logo-nrk-klassisk-on-dark,nrk-klassisk-on-dark,nrkLogoNrkKlassiskOnDark,nrkKlassiskOnDarkIcon,NrkLogoNrkKlassiskOnDark,NrkKlassiskOnDarkLogo
@nrk/core-icons/logo,nrk-logo-nrk-vestfold-og-telemark-on-dark,nrk-vestfold-og-telemark-on-dark,nrkLogoNrkVestfoldOgTelemarkOnDark,nrkVestfoldOgTelemarkOnDarkIcon,NrkLogoNrkVestfoldOgTelemarkOnDark,NrkVestfoldOgTelemarkOnDarkLogo
@nrk/core-icons/logo,nrk-logo-nrk-sami-radio-title-below,nrk-sami-radio-title-below,nrkLogoNrkSamiRadioTitleBelow,nrkSamiRadioTitleBelowIcon,NrkLogoNrkSamiRadioTitleBelow,NrkSamiRadioTitleBelowLogo
@nrk/core-icons/logo,nrk-logo-nrk-jazz-with-bg,nrk-jazz-with-bg,nrkLogoNrkJazzWithBg,nrkJazzWithBgIcon,NrkLogoNrkJazzWithBg,NrkJazzWithBgLogo
@nrk/core-icons/logo,nrk-logo-nrk-vestland-with-bg,nrk-vestland-with-bg,nrkLogoNrkVestlandWithBg,nrkVestlandWithBgIcon,NrkLogoNrkVestlandWithBg,NrkVestlandWithBgLogo
@nrk/core-icons/logo,nrk-logo-nrk-innlandet-with-bg,nrk-innlandet-with-bg,nrkLogoNrkInnlandetWithBg,nrkInnlandetWithBgIcon,NrkLogoNrkInnlandetWithBg,NrkInnlandetWithBgLogo
@nrk/core-icons/logo,nrk-logo-nrk-mp3-on-dark,nrk-mp3-on-dark,nrkLogoNrkMp3OnDark,nrkMp3OnDarkIcon,NrkLogoNrkMp3OnDark,NrkMp3OnDarkLogo
@nrk/core-icons/logo,nrk-logo-nrk-klassisk-on-light,nrk-klassisk-on-light,nrkLogoNrkKlassiskOnLight,nrkKlassiskOnLightIcon,NrkLogoNrkKlassiskOnLight,NrkKlassiskOnLightLogo
@nrk/core-icons/logo,nrk-logo-nrk-sorlandet-title-below,nrk-sorlandet-title-below,nrkLogoNrkSorlandetTitleBelow,nrkSorlandetTitleBelowIcon,NrkLogoNrkSorlandetTitleBelow,NrkSorlandetTitleBelowLogo
@nrk/core-icons/logo,nrk-logo-nrk-1-with-bg,nrk-1-with-bg,nrkLogoNrk1WithBg,nrk1WithBgIcon,NrkLogoNrk1WithBg,Nrk1WithBgLogo
@nrk/core-icons/logo,nrk-logo-nrk-stor-oslo-with-bg,nrk-stor-oslo-with-bg,nrkLogoNrkStorOsloWithBg,nrkStorOsloWithBgIcon,NrkLogoNrkStorOsloWithBg,NrkStorOsloWithBgLogo
@nrk/core-icons/logo,nrk-logo-nrk-tegnspraak-on-dark,nrk-tegnspraak-on-dark,nrkLogoNrkTegnspraakOnDark,nrkTegnspraakOnDarkIcon,NrkLogoNrkTegnspraakOnDark,NrkTegnspraakOnDarkLogo
@nrk/core-icons/logo,nrk-logo-nrk-trondelag,nrk-trondelag,nrkLogoNrkTrondelag,nrkTrondelagIcon,NrkLogoNrkTrondelag,NrkTrondelagLogo
@nrk/core-icons/logo,nrk-logo-nrk-nordland-on-light,nrk-nordland-on-light,nrkLogoNrkNordlandOnLight,nrkNordlandOnLightIcon,NrkLogoNrkNordlandOnLight,NrkNordlandOnLightLogo
@nrk/core-icons/logo,nrk-logo-nrk-vestfold-og-telemark-title-below-on-dark,nrk-vestfold-og-telemark-title-below-on-dark,nrkLogoNrkVestfoldOgTelemarkTitleBelowOnDark,nrkVestfoldOgTelemarkTitleBelowOnDarkIcon,NrkLogoNrkVestfoldOgTelemarkTitleBelowOnDark,NrkVestfoldOgTelemarkTitleBelowOnDarkLogo
@nrk/core-icons/logo,nrk-logo-mgp,mgp,nrkLogoMgp,mgpIcon,NrkLogoMgp,MgpLogo
@nrk/core-icons/logo,nrk-logo-nrk-tegnspraak-symbol-with-bg,nrk-tegnspraak-symbol-with-bg,nrkLogoNrkTegnspraakSymbolWithBg,nrkTegnspraakSymbolWithBgIcon,NrkLogoNrkTegnspraakSymbolWithBg,NrkTegnspraakSymbolWithBgLogo
@nrk/core-icons/logo,nrk-logo-nrk-super-on-dark,nrk-super-on-dark,nrkLogoNrkSuperOnDark,nrkSuperOnDarkIcon,NrkLogoNrkSuperOnDark,NrkSuperOnDarkLogo
@nrk/core-icons/logo,nrk-logo-nrk-p3-title-below-on-dark,nrk-p3-title-below-on-dark,nrkLogoNrkP3TitleBelowOnDark,nrkP3TitleBelowOnDarkIcon,NrkLogoNrkP3TitleBelowOnDark,NrkP3TitleBelowOnDarkLogo
@nrk/core-icons/logo,nrk-logo-nrk-sami-radio-title-below-on-dark,nrk-sami-radio-title-below-on-dark,nrkLogoNrkSamiRadioTitleBelowOnDark,nrkSamiRadioTitleBelowOnDarkIcon,NrkLogoNrkSamiRadioTitleBelowOnDark,NrkSamiRadioTitleBelowOnDarkLogo
@nrk/core-icons/logo,nrk-logo-nrk-folkemusikk-title-below,nrk-folkemusikk-title-below,nrkLogoNrkFolkemusikkTitleBelow,nrkFolkemusikkTitleBelowIcon,NrkLogoNrkFolkemusikkTitleBelow,NrkFolkemusikkTitleBelowLogo
@nrk/core-icons/logo,nrk-logo-nrk-folkemusikk-title-below-on-light,nrk-folkemusikk-title-below-on-light,nrkLogoNrkFolkemusikkTitleBelowOnLight,nrkFolkemusikkTitleBelowOnLightIcon,NrkLogoNrkFolkemusikkTitleBelowOnLight,NrkFolkemusikkTitleBelowOnLightLogo
@nrk/core-icons/logo,nrk-logo-nrk-yr-radio-on-light,nrk-yr-radio-on-light,nrkLogoNrkYrRadioOnLight,nrkYrRadioOnLightIcon,NrkLogoNrkYrRadioOnLight,NrkYrRadioOnLightLogo
@nrk/core-icons/logo,nrk-logo-nrk-nordland-on-dark,nrk-nordland-on-dark,nrkLogoNrkNordlandOnDark,nrkNordlandOnDarkIcon,NrkLogoNrkNordlandOnDark,NrkNordlandOnDarkLogo
@nrk/core-icons/logo,nrk-logo-nrk-more-og-romsdal-title-below-on-light,nrk-more-og-romsdal-title-below-on-light,nrkLogoNrkMoreOgRomsdalTitleBelowOnLight,nrkMoreOgRomsdalTitleBelowOnLightIcon,NrkLogoNrkMoreOgRomsdalTitleBelowOnLight,NrkMoreOgRomsdalTitleBelowOnLightLogo
@nrk/core-icons/logo,nrk-logo-nrk-p3-musikk-on-dark,nrk-p3-musikk-on-dark,nrkLogoNrkP3MusikkOnDark,nrkP3MusikkOnDarkIcon,NrkLogoNrkP3MusikkOnDark,NrkP3MusikkOnDarkLogo
@nrk/core-icons/logo,nrk-logo-nrk-p1-title-below-on-dark,nrk-p1-title-below-on-dark,nrkLogoNrkP1TitleBelowOnDark,nrkP1TitleBelowOnDarkIcon,NrkLogoNrkP1TitleBelowOnDark,NrkP1TitleBelowOnDarkLogo
@nrk/core-icons/logo,nrk-logo-nrk-p3-on-light,nrk-p3-on-light,nrkLogoNrkP3OnLight,nrkP3OnLightIcon,NrkLogoNrkP3OnLight,NrkP3OnLightLogo
@nrk/core-icons/logo,nrk-logo-nrk-tegnspraak-symbol-on-light,nrk-tegnspraak-symbol-on-light,nrkLogoNrkTegnspraakSymbolOnLight,nrkTegnspraakSymbolOnLightIcon,NrkLogoNrkTegnspraakSymbolOnLight,NrkTegnspraakSymbolOnLightLogo
@nrk/core-icons/logo,nrk-logo-nrk-kringkastingsorkestret-on-light,nrk-kringkastingsorkestret-on-light,nrkLogoNrkKringkastingsorkestretOnLight,nrkKringkastingsorkestretOnLightIcon,NrkLogoNrkKringkastingsorkestretOnLight,NrkKringkastingsorkestretOnLightLogo
@nrk/core-icons/logo,nrk-logo-nrk-yr-radio-with-bg,nrk-yr-radio-with-bg,nrkLogoNrkYrRadioWithBg,nrkYrRadioWithBgIcon,NrkLogoNrkYrRadioWithBg,NrkYrRadioWithBgLogo
@nrk/core-icons/logo,nrk-logo-nrk-jazz-title-below-on-light,nrk-jazz-title-below-on-light,nrkLogoNrkJazzTitleBelowOnLight,nrkJazzTitleBelowOnLightIcon,NrkLogoNrkJazzTitleBelowOnLight,NrkJazzTitleBelowOnLightLogo
@nrk/core-icons/logo,nrk-logo-nrk-tegnspraak-with-bg,nrk-tegnspraak-with-bg,nrkLogoNrkTegnspraakWithBg,nrkTegnspraakWithBgIcon,NrkLogoNrkTegnspraakWithBg,NrkTegnspraakWithBgLogo
@nrk/core-icons/logo,nrk-logo-nrk-p3-musikk-with-bg,nrk-p3-musikk-with-bg,nrkLogoNrkP3MusikkWithBg,nrkP3MusikkWithBgIcon,NrkLogoNrkP3MusikkWithBg,NrkP3MusikkWithBgLogo
@nrk/core-icons/logo,nrk-logo-nrk-more-og-romsdal-title-below,nrk-more-og-romsdal-title-below,nrkLogoNrkMoreOgRomsdalTitleBelow,nrkMoreOgRomsdalTitleBelowIcon,NrkLogoNrkMoreOgRomsdalTitleBelow,NrkMoreOgRomsdalTitleBelowLogo
@nrk/core-icons/logo,nrk-logo-nrk-jazz-on-light,nrk-jazz-on-light,nrkLogoNrkJazzOnLight,nrkJazzOnLightIcon,NrkLogoNrkJazzOnLight,NrkJazzOnLightLogo
@nrk/core-icons/logo,nrk-logo-nrk-p1-pluss-title-below-on-light,nrk-p1-pluss-title-below-on-light,nrkLogoNrkP1PlussTitleBelowOnLight,nrkP1PlussTitleBelowOnLightIcon,NrkLogoNrkP1PlussTitleBelowOnLight,NrkP1PlussTitleBelowOnLightLogo
@nrk/core-icons/logo,nrk-logo-nrk-mp3-with-bg,nrk-mp3-with-bg,nrkLogoNrkMp3WithBg,nrkMp3WithBgIcon,NrkLogoNrkMp3WithBg,NrkMp3WithBgLogo
@nrk/core-icons/logo,nrk-logo-nrk-klassisk-with-bg,nrk-klassisk-with-bg,nrkLogoNrkKlassiskWithBg,nrkKlassiskWithBgIcon,NrkLogoNrkKlassiskWithBg,NrkKlassiskWithBgLogo
@nrk/core-icons/logo,nrk-logo-nrk-p3-with-bg,nrk-p3-with-bg,nrkLogoNrkP3WithBg,nrkP3WithBgIcon,NrkLogoNrkP3WithBg,NrkP3WithBgLogo
@nrk/core-icons/logo,nrk-logo-nrk-p3-title-below-on-light,nrk-p3-title-below-on-light,nrkLogoNrkP3TitleBelowOnLight,nrkP3TitleBelowOnLightIcon,NrkLogoNrkP3TitleBelowOnLight,NrkP3TitleBelowOnLightLogo
@nrk/core-icons/logo,nrk-logo-nrk-mp3-title-below,nrk-mp3-title-below,nrkLogoNrkMp3TitleBelow,nrkMp3TitleBelowIcon,NrkLogoNrkMp3TitleBelow,NrkMp3TitleBelowLogo
@nrk/core-icons/logo,nrk-logo-nrk-p1-on-dark,nrk-p1-on-dark,nrkLogoNrkP1OnDark,nrkP1OnDarkIcon,NrkLogoNrkP1OnDark,NrkP1OnDarkLogo
@nrk/core-icons/logo,nrk-logo-nrk-trafikk-title-below-on-light,nrk-trafikk-title-below-on-light,nrkLogoNrkTrafikkTitleBelowOnLight,nrkTrafikkTitleBelowOnLightIcon,NrkLogoNrkTrafikkTitleBelowOnLight,NrkTrafikkTitleBelowOnLightLogo
@nrk/core-icons/logo,nrk-logo-nrk-stor-oslo-title-below-on-dark,nrk-stor-oslo-title-below-on-dark,nrkLogoNrkStorOsloTitleBelowOnDark,nrkStorOsloTitleBelowOnDarkIcon,NrkLogoNrkStorOsloTitleBelowOnDark,NrkStorOsloTitleBelowOnDarkLogo
@nrk/core-icons/logo,nrk-logo-nrk-p3-musikk-on-light,nrk-p3-musikk-on-light,nrkLogoNrkP3MusikkOnLight,nrkP3MusikkOnLightIcon,NrkLogoNrkP3MusikkOnLight,NrkP3MusikkOnLightLogo
@nrk/core-icons/logo,nrk-logo-nrk-kringkastingsorkestret-with-bg,nrk-kringkastingsorkestret-with-bg,nrkLogoNrkKringkastingsorkestretWithBg,nrkKringkastingsorkestretWithBgIcon,NrkLogoNrkKringkastingsorkestretWithBg,NrkKringkastingsorkestretWithBgLogo
@nrk/core-icons/logo,nrk-logo-nrk-tegnspraak-title-below-on-light,nrk-tegnspraak-title-below-on-light,nrkLogoNrkTegnspraakTitleBelowOnLight,nrkTegnspraakTitleBelowOnLightIcon,NrkLogoNrkTegnspraakTitleBelowOnLight,NrkTegnspraakTitleBelowOnLightLogo
@nrk/core-icons/logo,nrk-logo-nrk-p1-pluss-on-dark,nrk-p1-pluss-on-dark,nrkLogoNrkP1PlussOnDark,nrkP1PlussOnDarkIcon,NrkLogoNrkP1PlussOnDark,NrkP1PlussOnDarkLogo
@nrk/core-icons/logo,nrk-logo-nrk-p1-on-light,nrk-p1-on-light,nrkLogoNrkP1OnLight,nrkP1OnLightIcon,NrkLogoNrkP1OnLight,NrkP1OnLightLogo
@nrk/core-icons/logo,nrk-logo-nrk-nyheter,nrk-nyheter,nrkLogoNrkNyheter,nrkNyheterIcon,NrkLogoNrkNyheter,NrkNyheterLogo
@nrk/core-icons/logo,nrk-logo-nrk-nyheter-title-below-on-light,nrk-nyheter-title-below-on-light,nrkLogoNrkNyheterTitleBelowOnLight,nrkNyheterTitleBelowOnLightIcon,NrkLogoNrkNyheterTitleBelowOnLight,NrkNyheterTitleBelowOnLightLogo
@nrk/core-icons/logo,nrk-logo-nrk-folkemusikk-with-bg,nrk-folkemusikk-with-bg,nrkLogoNrkFolkemusikkWithBg,nrkFolkemusikkWithBgIcon,NrkLogoNrkFolkemusikkWithBg,NrkFolkemusikkWithBgLogo
@nrk/core-icons/logo,nrk-logo-nrk-sorlandet-on-light,nrk-sorlandet-on-light,nrkLogoNrkSorlandetOnLight,nrkSorlandetOnLightIcon,NrkLogoNrkSorlandetOnLight,NrkSorlandetOnLightLogo
@nrk/core-icons/logo,nrk-logo-nrk-trondelag-title-below-on-dark,nrk-trondelag-title-below-on-dark,nrkLogoNrkTrondelagTitleBelowOnDark,nrkTrondelagTitleBelowOnDarkIcon,NrkLogoNrkTrondelagTitleBelowOnDark,NrkTrondelagTitleBelowOnDarkLogo
@nrk/core-icons/logo,nrk-logo-nrk-p2-on-dark,nrk-p2-on-dark,nrkLogoNrkP2OnDark,nrkP2OnDarkIcon,NrkLogoNrkP2OnDark,NrkP2OnDarkLogo
@nrk/core-icons/logo,nrk-logo-nrk-buskerud-title-below-on-light,nrk-buskerud-title-below-on-light,nrkLogoNrkBuskerudTitleBelowOnLight,nrkBuskerudTitleBelowOnLightIcon,NrkLogoNrkBuskerudTitleBelowOnLight,NrkBuskerudTitleBelowOnLightLogo
@nrk/core-icons/logo,nrk-logo-nrk-p2-title-below,nrk-p2-title-below,nrkLogoNrkP2TitleBelow,nrkP2TitleBelowIcon,NrkLogoNrkP2TitleBelow,NrkP2TitleBelowLogo
@nrk/core-icons/logo,nrk-logo-nrk-nordland-title-below-on-light,nrk-nordland-title-below-on-light,nrkLogoNrkNordlandTitleBelowOnLight,nrkNordlandTitleBelowOnLightIcon,NrkLogoNrkNordlandTitleBelowOnLight,NrkNordlandTitleBelowOnLightLogo
@nrk/core-icons/logo,nrk-logo-nrk-finnmark-title-below-on-dark,nrk-finnmark-title-below-on-dark,nrkLogoNrkFinnmarkTitleBelowOnDark,nrkFinnmarkTitleBelowOnDarkIcon,NrkLogoNrkFinnmarkTitleBelowOnDark,NrkFinnmarkTitleBelowOnDarkLogo
@nrk/core-icons/logo,nrk-logo-nrk-kringkastingsorkestret-title-below-on-dark,nrk-kringkastingsorkestret-title-below-on-dark,nrkLogoNrkKringkastingsorkestretTitleBelowOnDark,nrkKringkastingsorkestretTitleBelowOnDarkIcon,NrkLogoNrkKringkastingsorkestretTitleBelowOnDark,NrkKringkastingsorkestretTitleBelowOnDarkLogo
@nrk/core-icons/logo,nrk-logo-nrk-folkemusikk-on-light,nrk-folkemusikk-on-light,nrkLogoNrkFolkemusikkOnLight,nrkFolkemusikkOnLightIcon,NrkLogoNrkFolkemusikkOnLight,NrkFolkemusikkOnLightLogo
@nrk/core-icons/logo,nrk-logo-nrk-sport,nrk-sport,nrkLogoNrkSport,nrkSportIcon,NrkLogoNrkSport,NrkSportLogo
@nrk/core-icons/logo,nrk-logo-nrk-p3-title-below,nrk-p3-title-below,nrkLogoNrkP3TitleBelow,nrkP3TitleBelowIcon,NrkLogoNrkP3TitleBelow,NrkP3TitleBelowLogo
@nrk/core-icons/logo,nrk-logo-nrk-mp3-on-light,nrk-mp3-on-light,nrkLogoNrkMp3OnLight,nrkMp3OnLightIcon,NrkLogoNrkMp3OnLight,NrkMp3OnLightLogo
@nrk/core-icons/logo,nrk-logo-nrk-p2-on-light,nrk-p2-on-light,nrkLogoNrkP2OnLight,nrkP2OnLightIcon,NrkLogoNrkP2OnLight,NrkP2OnLightLogo
@nrk/core-icons/logo,nrk-logo-nrk-finnmark,nrk-finnmark,nrkLogoNrkFinnmark,nrkFinnmarkIcon,NrkLogoNrkFinnmark,NrkFinnmarkLogo
@nrk/core-icons/logo,nrk-logo-nrk-p2-title-below-on-dark,nrk-p2-title-below-on-dark,nrkLogoNrkP2TitleBelowOnDark,nrkP2TitleBelowOnDarkIcon,NrkLogoNrkP2TitleBelowOnDark,NrkP2TitleBelowOnDarkLogo
@nrk/core-icons/logo,nrk-logo-nrk-p2-with-bg,nrk-p2-with-bg,nrkLogoNrkP2WithBg,nrkP2WithBgIcon,NrkLogoNrkP2WithBg,NrkP2WithBgLogo
@nrk/core-icons/logo,nrk-logo-nrk-folkemusikk-title-below-on-dark,nrk-folkemusikk-title-below-on-dark,nrkLogoNrkFolkemusikkTitleBelowOnDark,nrkFolkemusikkTitleBelowOnDarkIcon,NrkLogoNrkFolkemusikkTitleBelowOnDark,NrkFolkemusikkTitleBelowOnDarkLogo
@nrk/core-icons/logo,nrk-logo-nrk-folkemusikk-on-dark,nrk-folkemusikk-on-dark,nrkLogoNrkFolkemusikkOnDark,nrkFolkemusikkOnDarkIcon,NrkLogoNrkFolkemusikkOnDark,NrkFolkemusikkOnDarkLogo
@nrk/core-icons/logo,nrk-logo-nrk-sapmi-title-below-on-light,nrk-sapmi-title-below-on-light,nrkLogoNrkSapmiTitleBelowOnLight,nrkSapmiTitleBelowOnLightIcon,NrkLogoNrkSapmiTitleBelowOnLight,NrkSapmiTitleBelowOnLightLogo
@nrk/core-icons/logo,nrk-logo-nrk-trafikk-with-bg,nrk-trafikk-with-bg,nrkLogoNrkTrafikkWithBg,nrkTrafikkWithBgIcon,NrkLogoNrkTrafikkWithBg,NrkTrafikkWithBgLogo
@nrk/core-icons/logo,nrk-logo-nrk-klassisk,nrk-klassisk,nrkLogoNrkKlassisk,nrkKlassiskIcon,NrkLogoNrkKlassisk,NrkKlassiskLogo
@nrk/core-icons/logo,nrk-logo-nrk-klassisk-title-below,nrk-klassisk-title-below,nrkLogoNrkKlassiskTitleBelow,nrkKlassiskTitleBelowIcon,NrkLogoNrkKlassiskTitleBelow,NrkKlassiskTitleBelowLogo
@nrk/core-icons/logo,nrk-logo-nrk-jazz-title-below-on-dark,nrk-jazz-title-below-on-dark,nrkLogoNrkJazzTitleBelowOnDark,nrkJazzTitleBelowOnDarkIcon,NrkLogoNrkJazzTitleBelowOnDark,NrkJazzTitleBelowOnDarkLogo
@nrk/core-icons/logo,nrk-logo-nrk-jazz,nrk-jazz,nrkLogoNrkJazz,nrkJazzIcon,NrkLogoNrkJazz,NrkJazzLogo
@nrk/core-icons/logo,nrk-logo-nrk-kringkastingsorkestret-title-below-on-light,nrk-kringkastingsorkestret-title-below-on-light,nrkLogoNrkKringkastingsorkestretTitleBelowOnLight,nrkKringkastingsorkestretTitleBelowOnLightIcon,NrkLogoNrkKringkastingsorkestretTitleBelowOnLight,NrkKringkastingsorkestretTitleBelowOnLightLogo
@nrk/core-icons/logo,nrk-logo-nrk-innlandet-title-below,nrk-innlandet-title-below,nrkLogoNrkInnlandetTitleBelow,nrkInnlandetTitleBelowIcon,NrkLogoNrkInnlandetTitleBelow,NrkInnlandetTitleBelowLogo
@nrk/core-icons/logo,nrk-logo-nrk-rogaland-with-bg,nrk-rogaland-with-bg,nrkLogoNrkRogalandWithBg,nrkRogalandWithBgIcon,NrkLogoNrkRogalandWithBg,NrkRogalandWithBgLogo
@nrk/core-icons/logo,nrk-logo-nrk-more-og-romsdal-on-light,nrk-more-og-romsdal-on-light,nrkLogoNrkMoreOgRomsdalOnLight,nrkMoreOgRomsdalOnLightIcon,NrkLogoNrkMoreOgRomsdalOnLight,NrkMoreOgRomsdalOnLightLogo
@nrk/core-icons/logo,nrk-logo-nrk-finnmark-title-below,nrk-finnmark-title-below,nrkLogoNrkFinnmarkTitleBelow,nrkFinnmarkTitleBelowIcon,NrkLogoNrkFinnmarkTitleBelow,NrkFinnmarkTitleBelowLogo
@nrk/core-icons/logo,nrk-logo-nrk-finnmark-on-dark,nrk-finnmark-on-dark,nrkLogoNrkFinnmarkOnDark,nrkFinnmarkOnDarkIcon,NrkLogoNrkFinnmarkOnDark,NrkFinnmarkOnDarkLogo
@nrk/core-icons/logo,nrk-logo-nrk-p3-musikk-title-below-on-dark,nrk-p3-musikk-title-below-on-dark,nrkLogoNrkP3MusikkTitleBelowOnDark,nrkP3MusikkTitleBelowOnDarkIcon,NrkLogoNrkP3MusikkTitleBelowOnDark,NrkP3MusikkTitleBelowOnDarkLogo
@nrk/core-icons/logo,nrk-logo-nrk-p3-musikk-title-below,nrk-p3-musikk-title-below,nrkLogoNrkP3MusikkTitleBelow,nrkP3MusikkTitleBelowIcon,NrkLogoNrkP3MusikkTitleBelow,NrkP3MusikkTitleBelowLogo
@nrk/core-icons/logo,nrk-logo-yr,yr,nrkLogoYr,yrIcon,NrkLogoYr,YrLogo
@nrk/core-icons/logo,nrk-logo-nrk-troms-title-below,nrk-troms-title-below,nrkLogoNrkTromsTitleBelow,nrkTromsTitleBelowIcon,NrkLogoNrkTromsTitleBelow,NrkTromsTitleBelowLogo
@nrk/core-icons/logo,nrk-logo-nrk-p1-title-below-on-light,nrk-p1-title-below-on-light,nrkLogoNrkP1TitleBelowOnLight,nrkP1TitleBelowOnLightIcon,NrkLogoNrkP1TitleBelowOnLight,NrkP1TitleBelowOnLightLogo
@nrk/core-icons/logo,nrk-logo-nrk-vestfold-og-telemark,nrk-vestfold-og-telemark,nrkLogoNrkVestfoldOgTelemark,nrkVestfoldOgTelemarkIcon,NrkLogoNrkVestfoldOgTelemark,NrkVestfoldOgTelemarkLogo
@nrk/core-icons/logo,nrk-logo-nrk-tegnspraak,nrk-tegnspraak,nrkLogoNrkTegnspraak,nrkTegnspraakIcon,NrkLogoNrkTegnspraak,NrkTegnspraakLogo
@nrk/core-icons/logo,nrk-logo-nrk-p1-pluss,nrk-p1-pluss,nrkLogoNrkP1Pluss,nrkP1PlussIcon,NrkLogoNrkP1Pluss,NrkP1PlussLogo
@nrk/core-icons/logo,nrk-logo-nrk-2-on-dark,nrk-2-on-dark,nrkLogoNrk2OnDark,nrk2OnDarkIcon,NrkLogoNrk2OnDark,Nrk2OnDarkLogo
@nrk/core-icons/logo,nrk-logo-nrk-p1-pluss-with-bg,nrk-p1-pluss-with-bg,nrkLogoNrkP1PlussWithBg,nrkP1PlussWithBgIcon,NrkLogoNrkP1PlussWithBg,NrkP1PlussWithBgLogo
@nrk/core-icons/logo,nrk-logo-nrk-vestland-on-dark,nrk-vestland-on-dark,nrkLogoNrkVestlandOnDark,nrkVestlandOnDarkIcon,NrkLogoNrkVestlandOnDark,NrkVestlandOnDarkLogo
@nrk/core-icons/logo,nrk-logo-nrk-finnmark-title-below-on-light,nrk-finnmark-title-below-on-light,nrkLogoNrkFinnmarkTitleBelowOnLight,nrkFinnmarkTitleBelowOnLightIcon,NrkLogoNrkFinnmarkTitleBelowOnLight,NrkFinnmarkTitleBelowOnLightLogo
@nrk/core-icons/logo,nrk-logo-nrk-vestland-title-below-on-light,nrk-vestland-title-below-on-light,nrkLogoNrkVestlandTitleBelowOnLight,nrkVestlandTitleBelowOnLightIcon,NrkLogoNrkVestlandTitleBelowOnLight,NrkVestlandTitleBelowOnLightLogo
@nrk/core-icons/logo,nrk-logo-nrk-vestfold-og-telemark-title-below,nrk-vestfold-og-telemark-title-below,nrkLogoNrkVestfoldOgTelemarkTitleBelow,nrkVestfoldOgTelemarkTitleBelowIcon,NrkLogoNrkVestfoldOgTelemarkTitleBelow,NrkVestfoldOgTelemarkTitleBelowLogo
@nrk/core-icons/logo,nrk-logo-nrk-innlandet-title-below-on-light,nrk-innlandet-title-below-on-light,nrkLogoNrkInnlandetTitleBelowOnLight,nrkInnlandetTitleBelowOnLightIcon,NrkLogoNrkInnlandetTitleBelowOnLight,NrkInnlandetTitleBelowOnLightLogo
@nrk/core-icons/logo,nrk-logo-nrk-buskerud-title-below,nrk-buskerud-title-below,nrkLogoNrkBuskerudTitleBelow,nrkBuskerudTitleBelowIcon,NrkLogoNrkBuskerudTitleBelow,NrkBuskerudTitleBelowLogo
@nrk/core-icons/logo,nrk-logo-nrk-vestland-on-light,nrk-vestland-on-light,nrkLogoNrkVestlandOnLight,nrkVestlandOnLightIcon,NrkLogoNrkVestlandOnLight,NrkVestlandOnLightLogo
@nrk/core-icons/logo,nrk-logo-nrk-super,nrk-super,nrkLogoNrkSuper,nrkSuperIcon,NrkLogoNrkSuper,NrkSuperLogo
@nrk/core-icons/logo,nrk-logo-nrk-vestfold-og-telemark-on-light,nrk-vestfold-og-telemark-on-light,nrkLogoNrkVestfoldOgTelemarkOnLight,nrkVestfoldOgTelemarkOnLightIcon,NrkLogoNrkVestfoldOgTelemarkOnLight,NrkVestfoldOgTelemarkOnLightLogo
@nrk/core-icons/logo,nrk-logo-nrk-innlandet,nrk-innlandet,nrkLogoNrkInnlandet,nrkInnlandetIcon,NrkLogoNrkInnlandet,NrkInnlandetLogo
@nrk/core-icons/logo,nrk-logo-nrk-p1-pluss-title-below-on-dark,nrk-p1-pluss-title-below-on-dark,nrkLogoNrkP1PlussTitleBelowOnDark,nrkP1PlussTitleBelowOnDarkIcon,NrkLogoNrkP1PlussTitleBelowOnDark,NrkP1PlussTitleBelowOnDarkLogo
@nrk/core-icons/logo,nrk-logo-nrk-finnmark-with-bg,nrk-finnmark-with-bg,nrkLogoNrkFinnmarkWithBg,nrkFinnmarkWithBgIcon,NrkLogoNrkFinnmarkWithBg,NrkFinnmarkWithBgLogo
@nrk/core-icons/logo,nrk-logo-nrk-vestfold-og-telemark-title-below-on-light,nrk-vestfold-og-telemark-title-below-on-light,nrkLogoNrkVestfoldOgTelemarkTitleBelowOnLight,nrkVestfoldOgTelemarkTitleBelowOnLightIcon,NrkLogoNrkVestfoldOgTelemarkTitleBelowOnLight,NrkVestfoldOgTelemarkTitleBelowOnLightLogo
@nrk/core-icons/logo,nrk-logo-nrk-p3-on-dark,nrk-p3-on-dark,nrkLogoNrkP3OnDark,nrkP3OnDarkIcon,NrkLogoNrkP3OnDark,NrkP3OnDarkLogo
@nrk/core-icons/logo,nrk-logo-nrk-more-og-romsdal-with-bg,nrk-more-og-romsdal-with-bg,nrkLogoNrkMoreOgRomsdalWithBg,nrkMoreOgRomsdalWithBgIcon,NrkLogoNrkMoreOgRomsdalWithBg,NrkMoreOgRomsdalWithBgLogo
@nrk/core-icons/logo,nrk-logo-nrk-tv-with-bg,nrk-tv-with-bg,nrkLogoNrkTvWithBg,nrkTvWithBgIcon,NrkLogoNrkTvWithBg,NrkTvWithBgLogo
@nrk/core-icons/logo,nrk-logo-nrk-nyheter-title-below-on-dark,nrk-nyheter-title-below-on-dark,nrkLogoNrkNyheterTitleBelowOnDark,nrkNyheterTitleBelowOnDarkIcon,NrkLogoNrkNyheterTitleBelowOnDark,NrkNyheterTitleBelowOnDarkLogo
@nrk/core-icons/logo,nrk-logo-nrk-sport-title-below-on-dark,nrk-sport-title-below-on-dark,nrkLogoNrkSportTitleBelowOnDark,nrkSportTitleBelowOnDarkIcon,NrkLogoNrkSportTitleBelowOnDark,NrkSportTitleBelowOnDarkLogo
@nrk/core-icons/logo,nrk-logo-nrk-buskerud-title-below-on-dark,nrk-buskerud-title-below-on-dark,nrkLogoNrkBuskerudTitleBelowOnDark,nrkBuskerudTitleBelowOnDarkIcon,NrkLogoNrkBuskerudTitleBelowOnDark,NrkBuskerudTitleBelowOnDarkLogo
@nrk/core-icons/logo,nrk-logo-nrk-troms-on-light,nrk-troms-on-light,nrkLogoNrkTromsOnLight,nrkTromsOnLightIcon,NrkLogoNrkTromsOnLight,NrkTromsOnLightLogo
@nrk/core-icons/logo,nrk-logo-nrk-sapmi-title-below-on-dark,nrk-sapmi-title-below-on-dark,nrkLogoNrkSapmiTitleBelowOnDark,nrkSapmiTitleBelowOnDarkIcon,NrkLogoNrkSapmiTitleBelowOnDark,NrkSapmiTitleBelowOnDarkLogo
@nrk/core-icons/logo,nrk-logo-nrk-nordland-title-below,nrk-nordland-title-below,nrkLogoNrkNordlandTitleBelow,nrkNordlandTitleBelowIcon,NrkLogoNrkNordlandTitleBelow,NrkNordlandTitleBelowLogo
@nrk/core-icons/logo,nrk-logo-nrk-sapmi,nrk-sapmi,nrkLogoNrkSapmi,nrkSapmiIcon,NrkLogoNrkSapmi,NrkSapmiLogo
@nrk/core-icons/logo,nrk-logo-nrk-troms-title-below-on-light,nrk-troms-title-below-on-light,nrkLogoNrkTromsTitleBelowOnLight,nrkTromsTitleBelowOnLightIcon,NrkLogoNrkTromsTitleBelowOnLight,NrkTromsTitleBelowOnLightLogo
@nrk/core-icons/logo,nrk-logo-nrk-3-on-dark,nrk-3-on-dark,nrkLogoNrk3OnDark,nrk3OnDarkIcon,NrkLogoNrk3OnDark,Nrk3OnDarkLogo
@nrk/core-icons/logo,nrk-logo-nrk-more-og-romsdal-title-below-on-dark,nrk-more-og-romsdal-title-below-on-dark,nrkLogoNrkMoreOgRomsdalTitleBelowOnDark,nrkMoreOgRomsdalTitleBelowOnDarkIcon,NrkLogoNrkMoreOgRomsdalTitleBelowOnDark,NrkMoreOgRomsdalTitleBelowOnDarkLogo
@nrk/core-icons/logo,nrk-logo-nrk-p2-title-below-on-light,nrk-p2-title-below-on-light,nrkLogoNrkP2TitleBelowOnLight,nrkP2TitleBelowOnLightIcon,NrkLogoNrkP2TitleBelowOnLight,NrkP2TitleBelowOnLightLogo
@nrk/core-icons/logo,nrk-logo-nrk-troms-title-below-on-dark,nrk-troms-title-below-on-dark,nrkLogoNrkTromsTitleBelowOnDark,nrkTromsTitleBelowOnDarkIcon,NrkLogoNrkTromsTitleBelowOnDark,NrkTromsTitleBelowOnDarkLogo
@nrk/core-icons/logo,nrk-logo-nrk-sami-radio-on-dark,nrk-sami-radio-on-dark,nrkLogoNrkSamiRadioOnDark,nrkSamiRadioOnDarkIcon,NrkLogoNrkSamiRadioOnDark,NrkSamiRadioOnDarkLogo
@nrk/core-icons/logo,nrk-logo-nrk-sapmi-on-light,nrk-sapmi-on-light,nrkLogoNrkSapmiOnLight,nrkSapmiOnLightIcon,NrkLogoNrkSapmiOnLight,NrkSapmiOnLightLogo
@nrk/core-icons/logo,nrk-logo-nrk-trafikk-title-below-on-dark,nrk-trafikk-title-below-on-dark,nrkLogoNrkTrafikkTitleBelowOnDark,nrkTrafikkTitleBelowOnDarkIcon,NrkLogoNrkTrafikkTitleBelowOnDark,NrkTrafikkTitleBelowOnDarkLogo
@nrk/core-icons/logo,nrk-logo-nrk-mp3-title-below-on-dark,nrk-mp3-title-below-on-dark,nrkLogoNrkMp3TitleBelowOnDark,nrkMp3TitleBelowOnDarkIcon,NrkLogoNrkMp3TitleBelowOnDark,NrkMp3TitleBelowOnDarkLogo
@nrk/core-icons/logo,nrk-logo-nrk-tv-title-below-on-light,nrk-tv-title-below-on-light,nrkLogoNrkTvTitleBelowOnLight,nrkTvTitleBelowOnLightIcon,NrkLogoNrkTvTitleBelowOnLight,NrkTvTitleBelowOnLightLogo
@nrk/core-icons/logo,nrk-logo-nrk-sapmi-title-below,nrk-sapmi-title-below,nrkLogoNrkSapmiTitleBelow,nrkSapmiTitleBelowIcon,NrkLogoNrkSapmiTitleBelow,NrkSapmiTitleBelowLogo
@nrk/core-icons/logo,nrk-logo-nrk-sorlandet,nrk-sorlandet,nrkLogoNrkSorlandet,nrkSorlandetIcon,NrkLogoNrkSorlandet,NrkSorlandetLogo
@nrk/core-icons/logo,nrk-logo-nrk-more-og-romsdal-on-dark,nrk-more-og-romsdal-on-dark,nrkLogoNrkMoreOgRomsdalOnDark,nrkMoreOgRomsdalOnDarkIcon,NrkLogoNrkMoreOgRomsdalOnDark,NrkMoreOgRomsdalOnDarkLogo
@nrk/core-icons/logo,nrk-logo-nrk-trondelag-on-dark,nrk-trondelag-on-dark,nrkLogoNrkTrondelagOnDark,nrkTrondelagOnDarkIcon,NrkLogoNrkTrondelagOnDark,NrkTrondelagOnDarkLogo
@nrk/core-icons/logo,nrk-logo-nrk-sami-radio-on-light,nrk-sami-radio-on-light,nrkLogoNrkSamiRadioOnLight,nrkSamiRadioOnLightIcon,NrkLogoNrkSamiRadioOnLight,NrkSamiRadioOnLightLogo
@nrk/core-icons/logo,nrk-logo-yr-color,yr-color,nrkLogoYrColor,yrColorIcon,NrkLogoYrColor,YrColorLogo
@nrk/core-icons/logo,nrk-logo-nrk-kringkastingsorkestret-on-dark,nrk-kringkastingsorkestret-on-dark,nrkLogoNrkKringkastingsorkestretOnDark,nrkKringkastingsorkestretOnDarkIcon,NrkLogoNrkKringkastingsorkestretOnDark,NrkKringkastingsorkestretOnDarkLogo
@nrk/core-icons/logo,nrk-logo-nrk-trondelag-title-below,nrk-trondelag-title-below,nrkLogoNrkTrondelagTitleBelow,nrkTrondelagTitleBelowIcon,NrkLogoNrkTrondelagTitleBelow,NrkTrondelagTitleBelowLogo
@nrk/core-icons/logo,nrk-logo-nrk-trondelag-title-below-on-light,nrk-trondelag-title-below-on-light,nrkLogoNrkTrondelagTitleBelowOnLight,nrkTrondelagTitleBelowOnLightIcon,NrkLogoNrkTrondelagTitleBelowOnLight,NrkTrondelagTitleBelowOnLightLogo
@nrk/core-icons/logo,nrk-logo-nrk-sapmi-on-dark,nrk-sapmi-on-dark,nrkLogoNrkSapmiOnDark,nrkSapmiOnDarkIcon,NrkLogoNrkSapmiOnDark,NrkSapmiOnDarkLogo
@nrk/core-icons/logo,nrk-logo-nrk-yr-radio,nrk-yr-radio,nrkLogoNrkYrRadio,nrkYrRadioIcon,NrkLogoNrkYrRadio,NrkYrRadioLogo
@nrk/core-icons/logo,nrk-logo-nrk-more-og-romsdal,nrk-more-og-romsdal,nrkLogoNrkMoreOgRomsdal,nrkMoreOgRomsdalIcon,NrkLogoNrkMoreOgRomsdal,NrkMoreOgRomsdalLogo
@nrk/core-icons/logo,nrk-logo-nrk-p3-musikk-title-below-on-light,nrk-p3-musikk-title-below-on-light,nrkLogoNrkP3MusikkTitleBelowOnLight,nrkP3MusikkTitleBelowOnLightIcon,NrkLogoNrkP3MusikkTitleBelowOnLight,NrkP3MusikkTitleBelowOnLightLogo
@nrk/core-icons/logo,nrk-logo-nrk-kringkastingsorkestret,nrk-kringkastingsorkestret,nrkLogoNrkKringkastingsorkestret,nrkKringkastingsorkestretIcon,NrkLogoNrkKringkastingsorkestret,NrkKringkastingsorkestretLogo
@nrk/core-icons/logo,nrk-logo-nrk-sapmi-with-bg,nrk-sapmi-with-bg,nrkLogoNrkSapmiWithBg,nrkSapmiWithBgIcon,NrkLogoNrkSapmiWithBg,NrkSapmiWithBgLogo
@nrk/core-icons/logo,nrk-logo-nrk-trondelag-on-light,nrk-trondelag-on-light,nrkLogoNrkTrondelagOnLight,nrkTrondelagOnLightIcon,NrkLogoNrkTrondelagOnLight,NrkTrondelagOnLightLogo
@nrk/core-icons/logo,nrk-logo-nrk-rogaland-on-light,nrk-rogaland-on-light,nrkLogoNrkRogalandOnLight,nrkRogalandOnLightIcon,NrkLogoNrkRogalandOnLight,NrkRogalandOnLightLogo
@nrk/core-icons/logo,nrk-logo-nrk-sami-radio-with-bg,nrk-sami-radio-with-bg,nrkLogoNrkSamiRadioWithBg,nrkSamiRadioWithBgIcon,NrkLogoNrkSamiRadioWithBg,NrkSamiRadioWithBgLogo
@nrk/core-icons/logo,nrk-logo-nrk,nrk,nrkLogoNrk,nrkIcon,NrkLogoNrk,NrkLogo
@nrk/core-icons/logo,nrk-logo-nrk-sport-title-below,nrk-sport-title-below,nrkLogoNrkSportTitleBelow,nrkSportTitleBelowIcon,NrkLogoNrkSportTitleBelow,NrkSportTitleBelowLogo
@nrk/core-icons/logo,nrk-logo-nrk-folkemusikk,nrk-folkemusikk,nrkLogoNrkFolkemusikk,nrkFolkemusikkIcon,NrkLogoNrkFolkemusikk,NrkFolkemusikkLogo
@nrk/core-icons/logo,nrk-logo-nrk-vestland-title-below-on-dark,nrk-vestland-title-below-on-dark,nrkLogoNrkVestlandTitleBelowOnDark,nrkVestlandTitleBelowOnDarkIcon,NrkLogoNrkVestlandTitleBelowOnDark,NrkVestlandTitleBelowOnDarkLogo
@nrk/core-icons/logo,nrk-logo-nrk-p3,nrk-p3,nrkLogoNrkP3,nrkP3Icon,NrkLogoNrkP3,NrkP3Logo
@nrk/core-icons/logo,nrk-logo-nrk-2-on-light,nrk-2-on-light,nrkLogoNrk2OnLight,nrk2OnLightIcon,NrkLogoNrk2OnLight,Nrk2OnLightLogo
@nrk/core-icons/logo,nrk-logo-yr-blackwhite,yr-blackwhite,nrkLogoYrBlackwhite,yrBlackwhiteIcon,NrkLogoYrBlackwhite,YrBlackwhiteLogo
@nrk/core-icons/logo,nrk-logo-nrk-nyheter-title-below,nrk-nyheter-title-below,nrkLogoNrkNyheterTitleBelow,nrkNyheterTitleBelowIcon,NrkLogoNrkNyheterTitleBelow,NrkNyheterTitleBelowLogo
@nrk/core-icons/logo,nrk-logo-nrk-trafikk-on-dark,nrk-trafikk-on-dark,nrkLogoNrkTrafikkOnDark,nrkTrafikkOnDarkIcon,NrkLogoNrkTrafikkOnDark,NrkTrafikkOnDarkLogo
@nrk/core-icons/logo,nrk-logo-nrk-nyheter-with-bg,nrk-nyheter-with-bg,nrkLogoNrkNyheterWithBg,nrkNyheterWithBgIcon,NrkLogoNrkNyheterWithBg,NrkNyheterWithBgLogo
@nrk/core-icons/logo,nrk-logo-nrk-buskerud,nrk-buskerud,nrkLogoNrkBuskerud,nrkBuskerudIcon,NrkLogoNrkBuskerud,NrkBuskerudLogo
@nrk/core-icons/logo,nrk-logo-nrk-1-on-light,nrk-1-on-light,nrkLogoNrk1OnLight,nrk1OnLightIcon,NrkLogoNrk1OnLight,Nrk1OnLightLogo
@nrk/core-icons/logo,nrk-logo-nrk-with-bg,nrk-with-bg,nrkLogoNrkWithBg,nrkWithBgIcon,NrkLogoNrkWithBg,NrkWithBgLogo
@nrk/core-icons/logo,nrk-logo-nrk-tv-title-below,nrk-tv-title-below,nrkLogoNrkTvTitleBelow,nrkTvTitleBelowIcon,NrkLogoNrkTvTitleBelow,NrkTvTitleBelowLogo
@nrk/core-icons/logo,nrk-logo-nrk-radio,nrk-radio,nrkLogoNrkRadio,nrkRadioIcon,NrkLogoNrkRadio,NrkRadioLogo
@nrk/core-icons/logo,nrk-logo-nrk-innlandet-on-light,nrk-innlandet-on-light,nrkLogoNrkInnlandetOnLight,nrkInnlandetOnLightIcon,NrkLogoNrkInnlandetOnLight,NrkInnlandetOnLightLogo
@nrk/core-icons/logo,nrk-logo-nrk-innlandet-on-dark,nrk-innlandet-on-dark,nrkLogoNrkInnlandetOnDark,nrkInnlandetOnDarkIcon,NrkLogoNrkInnlandetOnDark,NrkInnlandetOnDarkLogo
@nrk/core-icons/logo,nrk-logo-nrk-2,nrk-2,nrkLogoNrk2,nrk2Icon,NrkLogoNrk2,Nrk2Logo
@nrk/core-icons/logo,nrk-logo-nrk-sport-on-dark,nrk-sport-on-dark,nrkLogoNrkSportOnDark,nrkSportOnDarkIcon,NrkLogoNrkSportOnDark,NrkSportOnDarkLogo
@nrk/core-icons/logo,nrk-logo-nrk-tv-on-dark,nrk-tv-on-dark,nrkLogoNrkTvOnDark,nrkTvOnDarkIcon,NrkLogoNrkTvOnDark,NrkTvOnDarkLogo
@nrk/core-icons/logo,nrk-logo-nrk-vestfold-og-telemark-with-bg,nrk-vestfold-og-telemark-with-bg,nrkLogoNrkVestfoldOgTelemarkWithBg,nrkVestfoldOgTelemarkWithBgIcon,NrkLogoNrkVestfoldOgTelemarkWithBg,NrkVestfoldOgTelemarkWithBgLogo
@nrk/core-icons/logo,nrk-logo-nrk-nyheter-on-light,nrk-nyheter-on-light,nrkLogoNrkNyheterOnLight,nrkNyheterOnLightIcon,NrkLogoNrkNyheterOnLight,NrkNyheterOnLightLogo
@nrk/core-icons/logo,nrk-logo-nrk-finnmark-on-light,nrk-finnmark-on-light,nrkLogoNrkFinnmarkOnLight,nrkFinnmarkOnLightIcon,NrkLogoNrkFinnmarkOnLight,NrkFinnmarkOnLightLogo
